Esc128,100,266,7.39,121.36,5,30,0.4,0.4,5,128,42,"[94, 36, 16, 10, 73, 7, 18, 54, 48, 125, 102, 15, 33, 12, 108, 8, 121, 11, 23, 112, 17, 126, 81, 67, 58, 37, 39, 40, 42, 96, 63, 9, 103, 66, 49, 88, 5, 90, 122, 123, 13, 120, 104, 19, 72, 6, 52, 79, 117, 30, 71, 115, 34, 69, 62, 107, 118, 65, 22, 70, 100, 26, 28, 45, 74, 127, 106, 87, 25, 53, 55, 2, 113, 110, 111, 77, 119, 41, 85, 1, 60, 29, 56, 97, 24, 83, 57, 47, 38, 78, 44, 76, 86, 61, 4, 101, 68, 3, 14, 0, 116, 51, 35, 109, 46, 84, 75, 43, 80, 92, 114, 89, 93, 59, 82, 50, 91, 32, 124, 64, 21, 105, 31, 20, 95, 98, 99, 27]"
Esc128,200,266,15.92,37.34,5,30,0.4,0.4,5,128,42,"[94, 36, 16, 10, 73, 7, 18, 54, 48, 125, 102, 15, 33, 12, 108, 8, 121, 11, 23, 112, 17, 126, 81, 67, 58, 37, 39, 40, 42, 96, 63, 9, 103, 66, 49, 88, 5, 90, 122, 123, 13, 120, 104, 19, 72, 6, 52, 79, 117, 30, 71, 115, 34, 69, 62, 107, 118, 65, 22, 70, 100, 26, 28, 45, 74, 127, 106, 87, 25, 53, 55, 2, 113, 110, 111, 77, 119, 41, 85, 1, 60, 29, 56, 97, 24, 83, 57, 47, 38, 78, 44, 76, 86, 61, 4, 101, 68, 3, 14, 0, 116, 51, 35, 109, 46, 84, 75, 43, 80, 92, 114, 89, 93, 59, 82, 50, 91, 32, 124, 64, 21, 105, 31, 20, 95, 98, 99, 27]"
Esc128,300,266,20.42,37.57,5,30,0.4,0.4,5,128,42,"[94, 36, 16, 10, 73, 7, 18, 54, 48, 125, 102, 15, 33, 12, 108, 8, 121, 11, 23, 112, 17, 126, 81, 67, 58, 37, 39, 40, 42, 96, 63, 9, 103, 66, 49, 88, 5, 90, 122, 123, 13, 120, 104, 19, 72, 6, 52, 79, 117, 30, 71, 115, 34, 69, 62, 107, 118, 65, 22, 70, 100, 26, 28, 45, 74, 127, 106, 87, 25, 53, 55, 2, 113, 110, 111, 77, 119, 41, 85, 1, 60, 29, 56, 97, 24, 83, 57, 47, 38, 78, 44, 76, 86, 61, 4, 101, 68, 3, 14, 0, 116, 51, 35, 109, 46, 84, 75, 43, 80, 92, 114, 89, 93, 59, 82, 50, 91, 32, 124, 64, 21, 105, 31, 20, 95, 98, 99, 27]"
Esc128,400,266,24.98,38.96,5,30,0.4,0.4,5,128,42,"[94, 36, 16, 10, 73, 7, 18, 54, 48, 125, 102, 15, 33, 12, 108, 8, 121, 11, 23, 112, 17, 126, 81, 67, 58, 37, 39, 40, 42, 96, 63, 9, 103, 66, 49, 88, 5, 90, 122, 123, 13, 120, 104, 19, 72, 6, 52, 79, 117, 30, 71, 115, 34, 69, 62, 107, 118, 65, 22, 70, 100, 26, 28, 45, 74, 127, 106, 87, 25, 53, 55, 2, 113, 110, 111, 77, 119, 41, 85, 1, 60, 29, 56, 97, 24, 83, 57, 47, 38, 78, 44, 76, 86, 61, 4, 101, 68, 3, 14, 0, 116, 51, 35, 109, 46, 84, 75, 43, 80, 92, 114, 89, 93, 59, 82, 50, 91, 32, 124, 64, 21, 105, 31, 20, 95, 98, 99, 27]"
Esc128,500,262,29.29,22.44,5,30,0.4,0.4,5,128,42,"[105, 50, 6, 120, 90, 127, 25, 76, 33, 56, 51, 28, 39, 18, 71, 122, 27, 48, 77, 32, 103, 80, 96, 43, 95, 114, 47, 36, 121, 44, 112, 10, 88, 40, 69, 85, 49, 20, 53, 87, 83, 59, 30, 100, 73, 0, 89, 57, 62, 7, 42, 1, 116, 61, 9, 92, 102, 63, 16, 123, 4, 124, 68, 24, 115, 70, 108, 75, 55, 125, 15, 110, 78, 111, 31, 117, 66, 126, 99, 118, 37, 64, 74, 52, 91, 93, 65, 113, 41, 84, 11, 98, 38, 97, 17, 119, 67, 45, 5, 94, 23, 46, 14, 26, 81, 109, 72, 101, 29, 82, 2, 3, 54, 104, 22, 35, 107, 13, 21, 79, 106, 58, 12, 34, 86, 60, 19, 8]"
Esc128,600,262,33.47,11.08,5,30,0.4,0.4,5,128,42,"[105, 50, 6, 120, 90, 127, 25, 76, 33, 56, 51, 28, 39, 18, 71, 122, 27, 48, 77, 32, 103, 80, 96, 43, 95, 114, 47, 36, 121, 44, 112, 10, 88, 40, 69, 85, 49, 20, 53, 87, 83, 59, 30, 100, 73, 0, 89, 57, 62, 7, 42, 1, 116, 61, 9, 92, 102, 63, 16, 123, 4, 124, 68, 24, 115, 70, 108, 75, 55, 125, 15, 110, 78, 111, 31, 117, 66, 126, 99, 118, 37, 64, 74, 52, 91, 93, 65, 113, 41, 84, 11, 98, 38, 97, 17, 119, 67, 45, 5, 94, 23, 46, 14, 26, 81, 109, 72, 101, 29, 82, 2, 3, 54, 104, 22, 35, 107, 13, 21, 79, 106, 58, 12, 34, 86, 60, 19, 8]"
Esc128,700,256,38.27,9.21,5,30,0.4,0.4,5,128,42,"[27, 10, 16, 42, 34, 121, 8, 111, 58, 78, 66, 116, 53, 103, 23, 54, 32, 41, 67, 84, 37, 48, 77, 29, 64, 49, 52, 47, 43, 75, 97, 46, 76, 70, 65, 33, 13, 120, 25, 55, 26, 100, 106, 83, 96, 0, 109, 101, 45, 7, 108, 44, 102, 21, 15, 6, 89, 86, 85, 14, 11, 123, 127, 95, 115, 94, 126, 79, 92, 104, 88, 17, 56, 117, 28, 50, 31, 68, 73, 107, 30, 60, 93, 4, 105, 124, 87, 113, 59, 19, 91, 57, 22, 5, 40, 63, 114, 118, 122, 119, 99, 98, 3, 51, 38, 74, 72, 18, 125, 24, 61, 71, 39, 90, 62, 2, 1, 80, 9, 20, 36, 81, 12, 110, 35, 69, 112, 82]"
Esc128,800,256,43.01,9.21,5,30,0.4,0.4,5,128,42,"[27, 10, 16, 42, 34, 121, 8, 111, 58, 78, 66, 116, 53, 103, 23, 54, 32, 41, 67, 84, 37, 48, 77, 29, 64, 49, 52, 47, 43, 75, 97, 46, 76, 70, 65, 33, 13, 120, 25, 55, 26, 100, 106, 83, 96, 0, 109, 101, 45, 7, 108, 44, 102, 21, 15, 6, 89, 86, 85, 14, 11, 123, 127, 95, 115, 94, 126, 79, 92, 104, 88, 17, 56, 117, 28, 50, 31, 68, 73, 107, 30, 60, 93, 4, 105, 124, 87, 113, 59, 19, 91, 57, 22, 5, 40, 63, 114, 118, 122, 119, 99, 98, 3, 51, 38, 74, 72, 18, 125, 24, 61, 71, 39, 90, 62, 2, 1, 80, 9, 20, 36, 81, 12, 110, 35, 69, 112, 82]"
Esc128,900,256,47.35,9.23,5,30,0.4,0.4,5,128,42,"[27, 10, 16, 42, 34, 121, 8, 111, 58, 78, 66, 116, 53, 103, 23, 54, 32, 41, 67, 84, 37, 48, 77, 29, 64, 49, 52, 47, 43, 75, 97, 46, 76, 70, 65, 33, 13, 120, 25, 55, 26, 100, 106, 83, 96, 0, 109, 101, 45, 7, 108, 44, 102, 21, 15, 6, 89, 86, 85, 14, 11, 123, 127, 95, 115, 94, 126, 79, 92, 104, 88, 17, 56, 117, 28, 50, 31, 68, 73, 107, 30, 60, 93, 4, 105, 124, 87, 113, 59, 19, 91, 57, 22, 5, 40, 63, 114, 118, 122, 119, 99, 98, 3, 51, 38, 74, 72, 18, 125, 24, 61, 71, 39, 90, 62, 2, 1, 80, 9, 20, 36, 81, 12, 110, 35, 69, 112, 82]"
Esc128,1000,256,51.47,9.28,5,30,0.4,0.4,5,128,42,"[27, 10, 16, 42, 34, 121, 8, 111, 58, 78, 66, 116, 53, 103, 23, 54, 32, 41, 67, 84, 37, 48, 77, 29, 64, 49, 52, 47, 43, 75, 97, 46, 76, 70, 65, 33, 13, 120, 25, 55, 26, 100, 106, 83, 96, 0, 109, 101, 45, 7, 108, 44, 102, 21, 15, 6, 89, 86, 85, 14, 11, 123, 127, 95, 115, 94, 126, 79, 92, 104, 88, 17, 56, 117, 28, 50, 31, 68, 73, 107, 30, 60, 93, 4, 105, 124, 87, 113, 59, 19, 91, 57, 22, 5, 40, 63, 114, 118, 122, 119, 99, 98, 3, 51, 38, 74, 72, 18, 125, 24, 61, 71, 39, 90, 62, 2, 1, 80, 9, 20, 36, 81, 12, 110, 35, 69, 112, 82]"
Esc128,1100,256,55.67,9.32,5,30,0.4,0.4,5,128,42,"[27, 10, 16, 42, 34, 121, 8, 111, 58, 78, 66, 116, 53, 103, 23, 54, 32, 41, 67, 84, 37, 48, 77, 29, 64, 49, 52, 47, 43, 75, 97, 46, 76, 70, 65, 33, 13, 120, 25, 55, 26, 100, 106, 83, 96, 0, 109, 101, 45, 7, 108, 44, 102, 21, 15, 6, 89, 86, 85, 14, 11, 123, 127, 95, 115, 94, 126, 79, 92, 104, 88, 17, 56, 117, 28, 50, 31, 68, 73, 107, 30, 60, 93, 4, 105, 124, 87, 113, 59, 19, 91, 57, 22, 5, 40, 63, 114, 118, 122, 119, 99, 98, 3, 51, 38, 74, 72, 18, 125, 24, 61, 71, 39, 90, 62, 2, 1, 80, 9, 20, 36, 81, 12, 110, 35, 69, 112, 82]"
Esc128,1200,256,60.13,8.09,5,30,0.4,0.4,5,128,42,"[27, 10, 16, 42, 34, 121, 8, 111, 58, 78, 66, 116, 53, 103, 23, 54, 32, 41, 67, 84, 37, 48, 77, 29, 64, 49, 52, 47, 43, 75, 97, 46, 76, 70, 65, 33, 13, 120, 25, 55, 26, 100, 106, 83, 96, 0, 109, 101, 45, 7, 108, 44, 102, 21, 15, 6, 89, 86, 85, 14, 11, 123, 127, 95, 115, 94, 126, 79, 92, 104, 88, 17, 56, 117, 28, 50, 31, 68, 73, 107, 30, 60, 93, 4, 105, 124, 87, 113, 59, 19, 91, 57, 22, 5, 40, 63, 114, 118, 122, 119, 99, 98, 3, 51, 38, 74, 72, 18, 125, 24, 61, 71, 39, 90, 62, 2, 1, 80, 9, 20, 36, 81, 12, 110, 35, 69, 112, 82]"
Esc128,1300,256,64.78,8.1,5,30,0.4,0.4,5,128,42,"[27, 10, 16, 42, 34, 121, 8, 111, 58, 78, 66, 116, 53, 103, 23, 54, 32, 41, 67, 84, 37, 48, 77, 29, 64, 49, 52, 47, 43, 75, 97, 46, 76, 70, 65, 33, 13, 120, 25, 55, 26, 100, 106, 83, 96, 0, 109, 101, 45, 7, 108, 44, 102, 21, 15, 6, 89, 86, 85, 14, 11, 123, 127, 95, 115, 94, 126, 79, 92, 104, 88, 17, 56, 117, 28, 50, 31, 68, 73, 107, 30, 60, 93, 4, 105, 124, 87, 113, 59, 19, 91, 57, 22, 5, 40, 63, 114, 118, 122, 119, 99, 98, 3, 51, 38, 74, 72, 18, 125, 24, 61, 71, 39, 90, 62, 2, 1, 80, 9, 20, 36, 81, 12, 110, 35, 69, 112, 82]"
Esc128,1400,256,69.23,8.11,5,30,0.4,0.4,5,128,42,"[27, 10, 16, 42, 34, 121, 8, 111, 58, 78, 66, 116, 53, 103, 23, 54, 32, 41, 67, 84, 37, 48, 77, 29, 64, 49, 52, 47, 43, 75, 97, 46, 76, 70, 65, 33, 13, 120, 25, 55, 26, 100, 106, 83, 96, 0, 109, 101, 45, 7, 108, 44, 102, 21, 15, 6, 89, 86, 85, 14, 11, 123, 127, 95, 115, 94, 126, 79, 92, 104, 88, 17, 56, 117, 28, 50, 31, 68, 73, 107, 30, 60, 93, 4, 105, 124, 87, 113, 59, 19, 91, 57, 22, 5, 40, 63, 114, 118, 122, 119, 99, 98, 3, 51, 38, 74, 72, 18, 125, 24, 61, 71, 39, 90, 62, 2, 1, 80, 9, 20, 36, 81, 12, 110, 35, 69, 112, 82]"
Esc128,1500,256,73.39,8.11,5,30,0.4,0.4,5,128,42,"[27, 10, 16, 42, 34, 121, 8, 111, 58, 78, 66, 116, 53, 103, 23, 54, 32, 41, 67, 84, 37, 48, 77, 29, 64, 49, 52, 47, 43, 75, 97, 46, 76, 70, 65, 33, 13, 120, 25, 55, 26, 100, 106, 83, 96, 0, 109, 101, 45, 7, 108, 44, 102, 21, 15, 6, 89, 86, 85, 14, 11, 123, 127, 95, 115, 94, 126, 79, 92, 104, 88, 17, 56, 117, 28, 50, 31, 68, 73, 107, 30, 60, 93, 4, 105, 124, 87, 113, 59, 19, 91, 57, 22, 5, 40, 63, 114, 118, 122, 119, 99, 98, 3, 51, 38, 74, 72, 18, 125, 24, 61, 71, 39, 90, 62, 2, 1, 80, 9, 20, 36, 81, 12, 110, 35, 69, 112, 82]"
Esc128,1600,256,77.06,6.14,5,30,0.4,0.4,5,128,42,"[27, 10, 16, 42, 34, 121, 8, 111, 58, 78, 66, 116, 53, 103, 23, 54, 32, 41, 67, 84, 37, 48, 77, 29, 64, 49, 52, 47, 43, 75, 97, 46, 76, 70, 65, 33, 13, 120, 25, 55, 26, 100, 106, 83, 96, 0, 109, 101, 45, 7, 108, 44, 102, 21, 15, 6, 89, 86, 85, 14, 11, 123, 127, 95, 115, 94, 126, 79, 92, 104, 88, 17, 56, 117, 28, 50, 31, 68, 73, 107, 30, 60, 93, 4, 105, 124, 87, 113, 59, 19, 91, 57, 22, 5, 40, 63, 114, 118, 122, 119, 99, 98, 3, 51, 38, 74, 72, 18, 125, 24, 61, 71, 39, 90, 62, 2, 1, 80, 9, 20, 36, 81, 12, 110, 35, 69, 112, 82]"
Esc128,1700,256,80.91,6.14,5,30,0.4,0.4,5,128,42,"[27, 10, 16, 42, 34, 121, 8, 111, 58, 78, 66, 116, 53, 103, 23, 54, 32, 41, 67, 84, 37, 48, 77, 29, 64, 49, 52, 47, 43, 75, 97, 46, 76, 70, 65, 33, 13, 120, 25, 55, 26, 100, 106, 83, 96, 0, 109, 101, 45, 7, 108, 44, 102, 21, 15, 6, 89, 86, 85, 14, 11, 123, 127, 95, 115, 94, 126, 79, 92, 104, 88, 17, 56, 117, 28, 50, 31, 68, 73, 107, 30, 60, 93, 4, 105, 124, 87, 113, 59, 19, 91, 57, 22, 5, 40, 63, 114, 118, 122, 119, 99, 98, 3, 51, 38, 74, 72, 18, 125, 24, 61, 71, 39, 90, 62, 2, 1, 80, 9, 20, 36, 81, 12, 110, 35, 69, 112, 82]"
Esc128,1800,256,84.76,5.44,5,30,0.4,0.4,5,128,42,"[27, 10, 16, 42, 34, 121, 8, 111, 58, 78, 66, 116, 53, 103, 23, 54, 32, 41, 67, 84, 37, 48, 77, 29, 64, 49, 52, 47, 43, 75, 97, 46, 76, 70, 65, 33, 13, 120, 25, 55, 26, 100, 106, 83, 96, 0, 109, 101, 45, 7, 108, 44, 102, 21, 15, 6, 89, 86, 85, 14, 11, 123, 127, 95, 115, 94, 126, 79, 92, 104, 88, 17, 56, 117, 28, 50, 31, 68, 73, 107, 30, 60, 93, 4, 105, 124, 87, 113, 59, 19, 91, 57, 22, 5, 40, 63, 114, 118, 122, 119, 99, 98, 3, 51, 38, 74, 72, 18, 125, 24, 61, 71, 39, 90, 62, 2, 1, 80, 9, 20, 36, 81, 12, 110, 35, 69, 112, 82]"
Esc128,1900,256,88.98,5.44,5,30,0.4,0.4,5,128,42,"[27, 10, 16, 42, 34, 121, 8, 111, 58, 78, 66, 116, 53, 103, 23, 54, 32, 41, 67, 84, 37, 48, 77, 29, 64, 49, 52, 47, 43, 75, 97, 46, 76, 70, 65, 33, 13, 120, 25, 55, 26, 100, 106, 83, 96, 0, 109, 101, 45, 7, 108, 44, 102, 21, 15, 6, 89, 86, 85, 14, 11, 123, 127, 95, 115, 94, 126, 79, 92, 104, 88, 17, 56, 117, 28, 50, 31, 68, 73, 107, 30, 60, 93, 4, 105, 124, 87, 113, 59, 19, 91, 57, 22, 5, 40, 63, 114, 118, 122, 119, 99, 98, 3, 51, 38, 74, 72, 18, 125, 24, 61, 71, 39, 90, 62, 2, 1, 80, 9, 20, 36, 81, 12, 110, 35, 69, 112, 82]"
Esc128,2000,256,93.28,5.44,5,30,0.4,0.4,5,128,42,"[27, 10, 16, 42, 34, 121, 8, 111, 58, 78, 66, 116, 53, 103, 23, 54, 32, 41, 67, 84, 37, 48, 77, 29, 64, 49, 52, 47, 43, 75, 97, 46, 76, 70, 65, 33, 13, 120, 25, 55, 26, 100, 106, 83, 96, 0, 109, 101, 45, 7, 108, 44, 102, 21, 15, 6, 89, 86, 85, 14, 11, 123, 127, 95, 115, 94, 126, 79, 92, 104, 88, 17, 56, 117, 28, 50, 31, 68, 73, 107, 30, 60, 93, 4, 105, 124, 87, 113, 59, 19, 91, 57, 22, 5, 40, 63, 114, 118, 122, 119, 99, 98, 3, 51, 38, 74, 72, 18, 125, 24, 61, 71, 39, 90, 62, 2, 1, 80, 9, 20, 36, 81, 12, 110, 35, 69, 112, 82]"
Esc128,2100,256,97.36,5.45,5,30,0.4,0.4,5,128,42,"[27, 10, 16, 42, 34, 121, 8, 111, 58, 78, 66, 116, 53, 103, 23, 54, 32, 41, 67, 84, 37, 48, 77, 29, 64, 49, 52, 47, 43, 75, 97, 46, 76, 70, 65, 33, 13, 120, 25, 55, 26, 100, 106, 83, 96, 0, 109, 101, 45, 7, 108, 44, 102, 21, 15, 6, 89, 86, 85, 14, 11, 123, 127, 95, 115, 94, 126, 79, 92, 104, 88, 17, 56, 117, 28, 50, 31, 68, 73, 107, 30, 60, 93, 4, 105, 124, 87, 113, 59, 19, 91, 57, 22, 5, 40, 63, 114, 118, 122, 119, 99, 98, 3, 51, 38, 74, 72, 18, 125, 24, 61, 71, 39, 90, 62, 2, 1, 80, 9, 20, 36, 81, 12, 110, 35, 69, 112, 82]"
Esc128,2200,256,101.8,5.45,5,30,0.4,0.4,5,128,42,"[27, 10, 16, 42, 34, 121, 8, 111, 58, 78, 66, 116, 53, 103, 23, 54, 32, 41, 67, 84, 37, 48, 77, 29, 64, 49, 52, 47, 43, 75, 97, 46, 76, 70, 65, 33, 13, 120, 25, 55, 26, 100, 106, 83, 96, 0, 109, 101, 45, 7, 108, 44, 102, 21, 15, 6, 89, 86, 85, 14, 11, 123, 127, 95, 115, 94, 126, 79, 92, 104, 88, 17, 56, 117, 28, 50, 31, 68, 73, 107, 30, 60, 93, 4, 105, 124, 87, 113, 59, 19, 91, 57, 22, 5, 40, 63, 114, 118, 122, 119, 99, 98, 3, 51, 38, 74, 72, 18, 125, 24, 61, 71, 39, 90, 62, 2, 1, 80, 9, 20, 36, 81, 12, 110, 35, 69, 112, 82]"
Esc128,2300,256,105.78,5.46,5,30,0.4,0.4,5,128,42,"[27, 10, 16, 42, 34, 121, 8, 111, 58, 78, 66, 116, 53, 103, 23, 54, 32, 41, 67, 84, 37, 48, 77, 29, 64, 49, 52, 47, 43, 75, 97, 46, 76, 70, 65, 33, 13, 120, 25, 55, 26, 100, 106, 83, 96, 0, 109, 101, 45, 7, 108, 44, 102, 21, 15, 6, 89, 86, 85, 14, 11, 123, 127, 95, 115, 94, 126, 79, 92, 104, 88, 17, 56, 117, 28, 50, 31, 68, 73, 107, 30, 60, 93, 4, 105, 124, 87, 113, 59, 19, 91, 57, 22, 5, 40, 63, 114, 118, 122, 119, 99, 98, 3, 51, 38, 74, 72, 18, 125, 24, 61, 71, 39, 90, 62, 2, 1, 80, 9, 20, 36, 81, 12, 110, 35, 69, 112, 82]"
Esc128,2400,242,109.93,5.47,5,30,0.4,0.4,5,128,42,"[67, 112, 107, 1, 52, 103, 77, 66, 96, 15, 45, 101, 122, 68, 48, 36, 37, 121, 69, 98, 47, 27, 53, 70, 40, 105, 110, 59, 78, 73, 26, 43, 82, 3, 86, 91, 111, 80, 87, 57, 21, 17, 24, 42, 8, 64, 84, 119, 19, 58, 0, 16, 28, 76, 109, 30, 5, 75, 100, 85, 88, 33, 31, 120, 126, 115, 6, 104, 60, 50, 38, 118, 97, 74, 106, 90, 116, 18, 35, 44, 94, 124, 71, 63, 7, 89, 92, 61, 108, 25, 102, 113, 62, 93, 125, 23, 79, 55, 13, 20, 99, 4, 22, 117, 95, 46, 81, 10, 9, 56, 65, 11, 83, 72, 114, 41, 12, 123, 127, 51, 32, 54, 2, 34, 39, 14, 49, 29]"
Esc128,2500,242,114.4,5.48,5,30,0.4,0.4,5,128,42,"[67, 112, 107, 1, 52, 103, 77, 66, 96, 15, 45, 101, 122, 68, 48, 36, 37, 121, 69, 98, 47, 27, 53, 70, 40, 105, 110, 59, 78, 73, 26, 43, 82, 3, 86, 91, 111, 80, 87, 57, 21, 17, 24, 42, 8, 64, 84, 119, 19, 58, 0, 16, 28, 76, 109, 30, 5, 75, 100, 85, 88, 33, 31, 120, 126, 115, 6, 104, 60, 50, 38, 118, 97, 74, 106, 90, 116, 18, 35, 44, 94, 124, 71, 63, 7, 89, 92, 61, 108, 25, 102, 113, 62, 93, 125, 23, 79, 55, 13, 20, 99, 4, 22, 117, 95, 46, 81, 10, 9, 56, 65, 11, 83, 72, 114, 41, 12, 123, 127, 51, 32, 54, 2, 34, 39, 14, 49, 29]"
Esc128,2600,242,119.06,5.49,5,30,0.4,0.4,5,128,42,"[67, 112, 107, 1, 52, 103, 77, 66, 96, 15, 45, 101, 122, 68, 48, 36, 37, 121, 69, 98, 47, 27, 53, 70, 40, 105, 110, 59, 78, 73, 26, 43, 82, 3, 86, 91, 111, 80, 87, 57, 21, 17, 24, 42, 8, 64, 84, 119, 19, 58, 0, 16, 28, 76, 109, 30, 5, 75, 100, 85, 88, 33, 31, 120, 126, 115, 6, 104, 60, 50, 38, 118, 97, 74, 106, 90, 116, 18, 35, 44, 94, 124, 71, 63, 7, 89, 92, 61, 108, 25, 102, 113, 62, 93, 125, 23, 79, 55, 13, 20, 99, 4, 22, 117, 95, 46, 81, 10, 9, 56, 65, 11, 83, 72, 114, 41, 12, 123, 127, 51, 32, 54, 2, 34, 39, 14, 49, 29]"
Esc128,2700,242,123.49,6.6,5,30,0.4,0.4,5,128,42,"[67, 112, 107, 1, 52, 103, 77, 66, 96, 15, 45, 101, 122, 68, 48, 36, 37, 121, 69, 98, 47, 27, 53, 70, 40, 105, 110, 59, 78, 73, 26, 43, 82, 3, 86, 91, 111, 80, 87, 57, 21, 17, 24, 42, 8, 64, 84, 119, 19, 58, 0, 16, 28, 76, 109, 30, 5, 75, 100, 85, 88, 33, 31, 120, 126, 115, 6, 104, 60, 50, 38, 118, 97, 74, 106, 90, 116, 18, 35, 44, 94, 124, 71, 63, 7, 89, 92, 61, 108, 25, 102, 113, 62, 93, 125, 23, 79, 55, 13, 20, 99, 4, 22, 117, 95, 46, 81, 10, 9, 56, 65, 11, 83, 72, 114, 41, 12, 123, 127, 51, 32, 54, 2, 34, 39, 14, 49, 29]"
Esc128,2800,242,127.89,6.61,5,30,0.4,0.4,5,128,42,"[67, 112, 107, 1, 52, 103, 77, 66, 96, 15, 45, 101, 122, 68, 48, 36, 37, 121, 69, 98, 47, 27, 53, 70, 40, 105, 110, 59, 78, 73, 26, 43, 82, 3, 86, 91, 111, 80, 87, 57, 21, 17, 24, 42, 8, 64, 84, 119, 19, 58, 0, 16, 28, 76, 109, 30, 5, 75, 100, 85, 88, 33, 31, 120, 126, 115, 6, 104, 60, 50, 38, 118, 97, 74, 106, 90, 116, 18, 35, 44, 94, 124, 71, 63, 7, 89, 92, 61, 108, 25, 102, 113, 62, 93, 125, 23, 79, 55, 13, 20, 99, 4, 22, 117, 95, 46, 81, 10, 9, 56, 65, 11, 83, 72, 114, 41, 12, 123, 127, 51, 32, 54, 2, 34, 39, 14, 49, 29]"
Esc128,2900,242,131.99,6.61,5,30,0.4,0.4,5,128,42,"[67, 112, 107, 1, 52, 103, 77, 66, 96, 15, 45, 101, 122, 68, 48, 36, 37, 121, 69, 98, 47, 27, 53, 70, 40, 105, 110, 59, 78, 73, 26, 43, 82, 3, 86, 91, 111, 80, 87, 57, 21, 17, 24, 42, 8, 64, 84, 119, 19, 58, 0, 16, 28, 76, 109, 30, 5, 75, 100, 85, 88, 33, 31, 120, 126, 115, 6, 104, 60, 50, 38, 118, 97, 74, 106, 90, 116, 18, 35, 44, 94, 124, 71, 63, 7, 89, 92, 61, 108, 25, 102, 113, 62, 93, 125, 23, 79, 55, 13, 20, 99, 4, 22, 117, 95, 46, 81, 10, 9, 56, 65, 11, 83, 72, 114, 41, 12, 123, 127, 51, 32, 54, 2, 34, 39, 14, 49, 29]"
Esc128,3000,242,136.1,6.62,5,30,0.4,0.4,5,128,42,"[67, 112, 107, 1, 52, 103, 77, 66, 96, 15, 45, 101, 122, 68, 48, 36, 37, 121, 69, 98, 47, 27, 53, 70, 40, 105, 110, 59, 78, 73, 26, 43, 82, 3, 86, 91, 111, 80, 87, 57, 21, 17, 24, 42, 8, 64, 84, 119, 19, 58, 0, 16, 28, 76, 109, 30, 5, 75, 100, 85, 88, 33, 31, 120, 126, 115, 6, 104, 60, 50, 38, 118, 97, 74, 106, 90, 116, 18, 35, 44, 94, 124, 71, 63, 7, 89, 92, 61, 108, 25, 102, 113, 62, 93, 125, 23, 79, 55, 13, 20, 99, 4, 22, 117, 95, 46, 81, 10, 9, 56, 65, 11, 83, 72, 114, 41, 12, 123, 127, 51, 32, 54, 2, 34, 39, 14, 49, 29]"
Esc128,3100,242,140.11,6.62,5,30,0.4,0.4,5,128,42,"[67, 112, 107, 1, 52, 103, 77, 66, 96, 15, 45, 101, 122, 68, 48, 36, 37, 121, 69, 98, 47, 27, 53, 70, 40, 105, 110, 59, 78, 73, 26, 43, 82, 3, 86, 91, 111, 80, 87, 57, 21, 17, 24, 42, 8, 64, 84, 119, 19, 58, 0, 16, 28, 76, 109, 30, 5, 75, 100, 85, 88, 33, 31, 120, 126, 115, 6, 104, 60, 50, 38, 118, 97, 74, 106, 90, 116, 18, 35, 44, 94, 124, 71, 63, 7, 89, 92, 61, 108, 25, 102, 113, 62, 93, 125, 23, 79, 55, 13, 20, 99, 4, 22, 117, 95, 46, 81, 10, 9, 56, 65, 11, 83, 72, 114, 41, 12, 123, 127, 51, 32, 54, 2, 34, 39, 14, 49, 29]"
Esc128,3200,242,144.35,6.62,5,30,0.4,0.4,5,128,42,"[67, 112, 107, 1, 52, 103, 77, 66, 96, 15, 45, 101, 122, 68, 48, 36, 37, 121, 69, 98, 47, 27, 53, 70, 40, 105, 110, 59, 78, 73, 26, 43, 82, 3, 86, 91, 111, 80, 87, 57, 21, 17, 24, 42, 8, 64, 84, 119, 19, 58, 0, 16, 28, 76, 109, 30, 5, 75, 100, 85, 88, 33, 31, 120, 126, 115, 6, 104, 60, 50, 38, 118, 97, 74, 106, 90, 116, 18, 35, 44, 94, 124, 71, 63, 7, 89, 92, 61, 108, 25, 102, 113, 62, 93, 125, 23, 79, 55, 13, 20, 99, 4, 22, 117, 95, 46, 81, 10, 9, 56, 65, 11, 83, 72, 114, 41, 12, 123, 127, 51, 32, 54, 2, 34, 39, 14, 49, 29]"
Esc128,3300,242,148.67,6.63,5,30,0.4,0.4,5,128,42,"[67, 112, 107, 1, 52, 103, 77, 66, 96, 15, 45, 101, 122, 68, 48, 36, 37, 121, 69, 98, 47, 27, 53, 70, 40, 105, 110, 59, 78, 73, 26, 43, 82, 3, 86, 91, 111, 80, 87, 57, 21, 17, 24, 42, 8, 64, 84, 119, 19, 58, 0, 16, 28, 76, 109, 30, 5, 75, 100, 85, 88, 33, 31, 120, 126, 115, 6, 104, 60, 50, 38, 118, 97, 74, 106, 90, 116, 18, 35, 44, 94, 124, 71, 63, 7, 89, 92, 61, 108, 25, 102, 113, 62, 93, 125, 23, 79, 55, 13, 20, 99, 4, 22, 117, 95, 46, 81, 10, 9, 56, 65, 11, 83, 72, 114, 41, 12, 123, 127, 51, 32, 54, 2, 34, 39, 14, 49, 29]"
Esc128,3400,242,153.05,6.63,5,30,0.4,0.4,5,128,42,"[67, 112, 107, 1, 52, 103, 77, 66, 96, 15, 45, 101, 122, 68, 48, 36, 37, 121, 69, 98, 47, 27, 53, 70, 40, 105, 110, 59, 78, 73, 26, 43, 82, 3, 86, 91, 111, 80, 87, 57, 21, 17, 24, 42, 8, 64, 84, 119, 19, 58, 0, 16, 28, 76, 109, 30, 5, 75, 100, 85, 88, 33, 31, 120, 126, 115, 6, 104, 60, 50, 38, 118, 97, 74, 106, 90, 116, 18, 35, 44, 94, 124, 71, 63, 7, 89, 92, 61, 108, 25, 102, 113, 62, 93, 125, 23, 79, 55, 13, 20, 99, 4, 22, 117, 95, 46, 81, 10, 9, 56, 65, 11, 83, 72, 114, 41, 12, 123, 127, 51, 32, 54, 2, 34, 39, 14, 49, 29]"
Esc128,3500,242,157.33,6.63,5,30,0.4,0.4,5,128,42,"[67, 112, 107, 1, 52, 103, 77, 66, 96, 15, 45, 101, 122, 68, 48, 36, 37, 121, 69, 98, 47, 27, 53, 70, 40, 105, 110, 59, 78, 73, 26, 43, 82, 3, 86, 91, 111, 80, 87, 57, 21, 17, 24, 42, 8, 64, 84, 119, 19, 58, 0, 16, 28, 76, 109, 30, 5, 75, 100, 85, 88, 33, 31, 120, 126, 115, 6, 104, 60, 50, 38, 118, 97, 74, 106, 90, 116, 18, 35, 44, 94, 124, 71, 63, 7, 89, 92, 61, 108, 25, 102, 113, 62, 93, 125, 23, 79, 55, 13, 20, 99, 4, 22, 117, 95, 46, 81, 10, 9, 56, 65, 11, 83, 72, 114, 41, 12, 123, 127, 51, 32, 54, 2, 34, 39, 14, 49, 29]"
Esc128,3600,242,161.32,6.63,5,30,0.4,0.4,5,128,42,"[67, 112, 107, 1, 52, 103, 77, 66, 96, 15, 45, 101, 122, 68, 48, 36, 37, 121, 69, 98, 47, 27, 53, 70, 40, 105, 110, 59, 78, 73, 26, 43, 82, 3, 86, 91, 111, 80, 87, 57, 21, 17, 24, 42, 8, 64, 84, 119, 19, 58, 0, 16, 28, 76, 109, 30, 5, 75, 100, 85, 88, 33, 31, 120, 126, 115, 6, 104, 60, 50, 38, 118, 97, 74, 106, 90, 116, 18, 35, 44, 94, 124, 71, 63, 7, 89, 92, 61, 108, 25, 102, 113, 62, 93, 125, 23, 79, 55, 13, 20, 99, 4, 22, 117, 95, 46, 81, 10, 9, 56, 65, 11, 83, 72, 114, 41, 12, 123, 127, 51, 32, 54, 2, 34, 39, 14, 49, 29]"
Esc128,3700,242,165.6,6.63,5,30,0.4,0.4,5,128,42,"[67, 112, 107, 1, 52, 103, 77, 66, 96, 15, 45, 101, 122, 68, 48, 36, 37, 121, 69, 98, 47, 27, 53, 70, 40, 105, 110, 59, 78, 73, 26, 43, 82, 3, 86, 91, 111, 80, 87, 57, 21, 17, 24, 42, 8, 64, 84, 119, 19, 58, 0, 16, 28, 76, 109, 30, 5, 75, 100, 85, 88, 33, 31, 120, 126, 115, 6, 104, 60, 50, 38, 118, 97, 74, 106, 90, 116, 18, 35, 44, 94, 124, 71, 63, 7, 89, 92, 61, 108, 25, 102, 113, 62, 93, 125, 23, 79, 55, 13, 20, 99, 4, 22, 117, 95, 46, 81, 10, 9, 56, 65, 11, 83, 72, 114, 41, 12, 123, 127, 51, 32, 54, 2, 34, 39, 14, 49, 29]"
Esc128,3800,242,169.98,6.64,5,30,0.4,0.4,5,128,42,"[67, 112, 107, 1, 52, 103, 77, 66, 96, 15, 45, 101, 122, 68, 48, 36, 37, 121, 69, 98, 47, 27, 53, 70, 40, 105, 110, 59, 78, 73, 26, 43, 82, 3, 86, 91, 111, 80, 87, 57, 21, 17, 24, 42, 8, 64, 84, 119, 19, 58, 0, 16, 28, 76, 109, 30, 5, 75, 100, 85, 88, 33, 31, 120, 126, 115, 6, 104, 60, 50, 38, 118, 97, 74, 106, 90, 116, 18, 35, 44, 94, 124, 71, 63, 7, 89, 92, 61, 108, 25, 102, 113, 62, 93, 125, 23, 79, 55, 13, 20, 99, 4, 22, 117, 95, 46, 81, 10, 9, 56, 65, 11, 83, 72, 114, 41, 12, 123, 127, 51, 32, 54, 2, 34, 39, 14, 49, 29]"
Esc128,3900,242,174.05,6.64,5,30,0.4,0.4,5,128,42,"[67, 112, 107, 1, 52, 103, 77, 66, 96, 15, 45, 101, 122, 68, 48, 36, 37, 121, 69, 98, 47, 27, 53, 70, 40, 105, 110, 59, 78, 73, 26, 43, 82, 3, 86, 91, 111, 80, 87, 57, 21, 17, 24, 42, 8, 64, 84, 119, 19, 58, 0, 16, 28, 76, 109, 30, 5, 75, 100, 85, 88, 33, 31, 120, 126, 115, 6, 104, 60, 50, 38, 118, 97, 74, 106, 90, 116, 18, 35, 44, 94, 124, 71, 63, 7, 89, 92, 61, 108, 25, 102, 113, 62, 93, 125, 23, 79, 55, 13, 20, 99, 4, 22, 117, 95, 46, 81, 10, 9, 56, 65, 11, 83, 72, 114, 41, 12, 123, 127, 51, 32, 54, 2, 34, 39, 14, 49, 29]"
Esc128,4000,242,178.43,6.64,5,30,0.4,0.4,5,128,42,"[67, 112, 107, 1, 52, 103, 77, 66, 96, 15, 45, 101, 122, 68, 48, 36, 37, 121, 69, 98, 47, 27, 53, 70, 40, 105, 110, 59, 78, 73, 26, 43, 82, 3, 86, 91, 111, 80, 87, 57, 21, 17, 24, 42, 8, 64, 84, 119, 19, 58, 0, 16, 28, 76, 109, 30, 5, 75, 100, 85, 88, 33, 31, 120, 126, 115, 6, 104, 60, 50, 38, 118, 97, 74, 106, 90, 116, 18, 35, 44, 94, 124, 71, 63, 7, 89, 92, 61, 108, 25, 102, 113, 62, 93, 125, 23, 79, 55, 13, 20, 99, 4, 22, 117, 95, 46, 81, 10, 9, 56, 65, 11, 83, 72, 114, 41, 12, 123, 127, 51, 32, 54, 2, 34, 39, 14, 49, 29]"
Esc128,4100,242,182.76,6.64,5,30,0.4,0.4,5,128,42,"[67, 112, 107, 1, 52, 103, 77, 66, 96, 15, 45, 101, 122, 68, 48, 36, 37, 121, 69, 98, 47, 27, 53, 70, 40, 105, 110, 59, 78, 73, 26, 43, 82, 3, 86, 91, 111, 80, 87, 57, 21, 17, 24, 42, 8, 64, 84, 119, 19, 58, 0, 16, 28, 76, 109, 30, 5, 75, 100, 85, 88, 33, 31, 120, 126, 115, 6, 104, 60, 50, 38, 118, 97, 74, 106, 90, 116, 18, 35, 44, 94, 124, 71, 63, 7, 89, 92, 61, 108, 25, 102, 113, 62, 93, 125, 23, 79, 55, 13, 20, 99, 4, 22, 117, 95, 46, 81, 10, 9, 56, 65, 11, 83, 72, 114, 41, 12, 123, 127, 51, 32, 54, 2, 34, 39, 14, 49, 29]"
Esc128,4200,242,186.93,6.64,5,30,0.4,0.4,5,128,42,"[67, 112, 107, 1, 52, 103, 77, 66, 96, 15, 45, 101, 122, 68, 48, 36, 37, 121, 69, 98, 47, 27, 53, 70, 40, 105, 110, 59, 78, 73, 26, 43, 82, 3, 86, 91, 111, 80, 87, 57, 21, 17, 24, 42, 8, 64, 84, 119, 19, 58, 0, 16, 28, 76, 109, 30, 5, 75, 100, 85, 88, 33, 31, 120, 126, 115, 6, 104, 60, 50, 38, 118, 97, 74, 106, 90, 116, 18, 35, 44, 94, 124, 71, 63, 7, 89, 92, 61, 108, 25, 102, 113, 62, 93, 125, 23, 79, 55, 13, 20, 99, 4, 22, 117, 95, 46, 81, 10, 9, 56, 65, 11, 83, 72, 114, 41, 12, 123, 127, 51, 32, 54, 2, 34, 39, 14, 49, 29]"
Esc128,4300,242,190.79,6.65,5,30,0.4,0.4,5,128,42,"[67, 112, 107, 1, 52, 103, 77, 66, 96, 15, 45, 101, 122, 68, 48, 36, 37, 121, 69, 98, 47, 27, 53, 70, 40, 105, 110, 59, 78, 73, 26, 43, 82, 3, 86, 91, 111, 80, 87, 57, 21, 17, 24, 42, 8, 64, 84, 119, 19, 58, 0, 16, 28, 76, 109, 30, 5, 75, 100, 85, 88, 33, 31, 120, 126, 115, 6, 104, 60, 50, 38, 118, 97, 74, 106, 90, 116, 18, 35, 44, 94, 124, 71, 63, 7, 89, 92, 61, 108, 25, 102, 113, 62, 93, 125, 23, 79, 55, 13, 20, 99, 4, 22, 117, 95, 46, 81, 10, 9, 56, 65, 11, 83, 72, 114, 41, 12, 123, 127, 51, 32, 54, 2, 34, 39, 14, 49, 29]"
Esc128,4400,242,194.73,6.65,5,30,0.4,0.4,5,128,42,"[67, 112, 107, 1, 52, 103, 77, 66, 96, 15, 45, 101, 122, 68, 48, 36, 37, 121, 69, 98, 47, 27, 53, 70, 40, 105, 110, 59, 78, 73, 26, 43, 82, 3, 86, 91, 111, 80, 87, 57, 21, 17, 24, 42, 8, 64, 84, 119, 19, 58, 0, 16, 28, 76, 109, 30, 5, 75, 100, 85, 88, 33, 31, 120, 126, 115, 6, 104, 60, 50, 38, 118, 97, 74, 106, 90, 116, 18, 35, 44, 94, 124, 71, 63, 7, 89, 92, 61, 108, 25, 102, 113, 62, 93, 125, 23, 79, 55, 13, 20, 99, 4, 22, 117, 95, 46, 81, 10, 9, 56, 65, 11, 83, 72, 114, 41, 12, 123, 127, 51, 32, 54, 2, 34, 39, 14, 49, 29]"
Esc128,4500,242,199.03,6.65,5,30,0.4,0.4,5,128,42,"[67, 112, 107, 1, 52, 103, 77, 66, 96, 15, 45, 101, 122, 68, 48, 36, 37, 121, 69, 98, 47, 27, 53, 70, 40, 105, 110, 59, 78, 73, 26, 43, 82, 3, 86, 91, 111, 80, 87, 57, 21, 17, 24, 42, 8, 64, 84, 119, 19, 58, 0, 16, 28, 76, 109, 30, 5, 75, 100, 85, 88, 33, 31, 120, 126, 115, 6, 104, 60, 50, 38, 118, 97, 74, 106, 90, 116, 18, 35, 44, 94, 124, 71, 63, 7, 89, 92, 61, 108, 25, 102, 113, 62, 93, 125, 23, 79, 55, 13, 20, 99, 4, 22, 117, 95, 46, 81, 10, 9, 56, 65, 11, 83, 72, 114, 41, 12, 123, 127, 51, 32, 54, 2, 34, 39, 14, 49, 29]"
Esc128,4600,242,203.37,6.65,5,30,0.4,0.4,5,128,42,"[67, 112, 107, 1, 52, 103, 77, 66, 96, 15, 45, 101, 122, 68, 48, 36, 37, 121, 69, 98, 47, 27, 53, 70, 40, 105, 110, 59, 78, 73, 26, 43, 82, 3, 86, 91, 111, 80, 87, 57, 21, 17, 24, 42, 8, 64, 84, 119, 19, 58, 0, 16, 28, 76, 109, 30, 5, 75, 100, 85, 88, 33, 31, 120, 126, 115, 6, 104, 60, 50, 38, 118, 97, 74, 106, 90, 116, 18, 35, 44, 94, 124, 71, 63, 7, 89, 92, 61, 108, 25, 102, 113, 62, 93, 125, 23, 79, 55, 13, 20, 99, 4, 22, 117, 95, 46, 81, 10, 9, 56, 65, 11, 83, 72, 114, 41, 12, 123, 127, 51, 32, 54, 2, 34, 39, 14, 49, 29]"
Esc128,4700,242,207.8,6.65,5,30,0.4,0.4,5,128,42,"[67, 112, 107, 1, 52, 103, 77, 66, 96, 15, 45, 101, 122, 68, 48, 36, 37, 121, 69, 98, 47, 27, 53, 70, 40, 105, 110, 59, 78, 73, 26, 43, 82, 3, 86, 91, 111, 80, 87, 57, 21, 17, 24, 42, 8, 64, 84, 119, 19, 58, 0, 16, 28, 76, 109, 30, 5, 75, 100, 85, 88, 33, 31, 120, 126, 115, 6, 104, 60, 50, 38, 118, 97, 74, 106, 90, 116, 18, 35, 44, 94, 124, 71, 63, 7, 89, 92, 61, 108, 25, 102, 113, 62, 93, 125, 23, 79, 55, 13, 20, 99, 4, 22, 117, 95, 46, 81, 10, 9, 56, 65, 11, 83, 72, 114, 41, 12, 123, 127, 51, 32, 54, 2, 34, 39, 14, 49, 29]"
Esc128,4800,242,212.14,6.65,5,30,0.4,0.4,5,128,42,"[67, 112, 107, 1, 52, 103, 77, 66, 96, 15, 45, 101, 122, 68, 48, 36, 37, 121, 69, 98, 47, 27, 53, 70, 40, 105, 110, 59, 78, 73, 26, 43, 82, 3, 86, 91, 111, 80, 87, 57, 21, 17, 24, 42, 8, 64, 84, 119, 19, 58, 0, 16, 28, 76, 109, 30, 5, 75, 100, 85, 88, 33, 31, 120, 126, 115, 6, 104, 60, 50, 38, 118, 97, 74, 106, 90, 116, 18, 35, 44, 94, 124, 71, 63, 7, 89, 92, 61, 108, 25, 102, 113, 62, 93, 125, 23, 79, 55, 13, 20, 99, 4, 22, 117, 95, 46, 81, 10, 9, 56, 65, 11, 83, 72, 114, 41, 12, 123, 127, 51, 32, 54, 2, 34, 39, 14, 49, 29]"
Esc128,4900,242,216.4,6.65,5,30,0.4,0.4,5,128,42,"[67, 112, 107, 1, 52, 103, 77, 66, 96, 15, 45, 101, 122, 68, 48, 36, 37, 121, 69, 98, 47, 27, 53, 70, 40, 105, 110, 59, 78, 73, 26, 43, 82, 3, 86, 91, 111, 80, 87, 57, 21, 17, 24, 42, 8, 64, 84, 119, 19, 58, 0, 16, 28, 76, 109, 30, 5, 75, 100, 85, 88, 33, 31, 120, 126, 115, 6, 104, 60, 50, 38, 118, 97, 74, 106, 90, 116, 18, 35, 44, 94, 124, 71, 63, 7, 89, 92, 61, 108, 25, 102, 113, 62, 93, 125, 23, 79, 55, 13, 20, 99, 4, 22, 117, 95, 46, 81, 10, 9, 56, 65, 11, 83, 72, 114, 41, 12, 123, 127, 51, 32, 54, 2, 34, 39, 14, 49, 29]"
Esc128,5000,238,220.15,6.66,5,30,0.4,0.4,5,128,42,"[17, 93, 36, 40, 99, 33, 3, 103, 119, 106, 68, 125, 4, 6, 48, 78, 82, 105, 126, 52, 81, 11, 86, 7, 83, 45, 2, 121, 98, 97, 102, 50, 23, 19, 127, 28, 13, 108, 60, 56, 104, 101, 92, 71, 53, 15, 20, 38, 73, 32, 9, 34, 16, 55, 120, 96, 91, 49, 111, 22, 8, 26, 37, 10, 59, 31, 72, 29, 95, 58, 122, 112, 24, 44, 75, 57, 51, 5, 25, 89, 62, 66, 42, 67, 27, 85, 116, 21, 94, 0, 84, 114, 61, 118, 1, 54, 39, 65, 107, 74, 80, 77, 69, 110, 14, 124, 88, 41, 30, 90, 64, 79, 76, 63, 12, 46, 109, 117, 115, 35, 47, 70, 100, 123, 87, 18, 43, 113]"
Esc128,5100,202,224.11,6.66,5,30,0.4,0.4,5,128,42,"[70, 93, 84, 40, 29, 33, 3, 7, 119, 82, 68, 104, 76, 6, 80, 78, 52, 88, 38, 112, 81, 122, 102, 121, 49, 45, 2, 103, 98, 109, 86, 50, 23, 19, 127, 28, 13, 108, 60, 56, 125, 101, 92, 71, 124, 41, 20, 90, 47, 8, 9, 34, 16, 55, 83, 67, 96, 74, 66, 106, 15, 26, 37, 10, 59, 31, 79, 111, 95, 58, 91, 22, 24, 44, 75, 57, 72, 94, 25, 89, 62, 53, 42, 11, 27, 85, 116, 21, 5, 0, 77, 114, 61, 118, 1, 54, 39, 65, 32, 43, 48, 36, 69, 110, 14, 99, 105, 120, 87, 123, 64, 51, 4, 63, 12, 46, 97, 117, 115, 35, 73, 17, 100, 126, 30, 18, 107, 113]"
Esc128,5200,200,228.29,6.66,5,30,0.4,0.4,5,128,42,"[6, 93, 115, 33, 36, 80, 126, 7, 73, 60, 68, 17, 76, 29, 35, 23, 52, 88, 38, 109, 110, 77, 5, 53, 121, 92, 2, 96, 98, 26, 124, 103, 78, 1, 127, 28, 119, 108, 82, 44, 125, 101, 45, 61, 57, 41, 20, 90, 37, 8, 9, 34, 16, 99, 83, 0, 55, 58, 4, 106, 24, 112, 86, 10, 56, 31, 79, 111, 95, 74, 89, 94, 72, 65, 15, 47, 75, 84, 25, 91, 62, 49, 59, 100, 27, 85, 116, 21, 3, 67, 122, 114, 97, 118, 19, 54, 39, 42, 32, 43, 117, 70, 13, 81, 71, 50, 123, 120, 87, 40, 64, 22, 66, 63, 12, 46, 14, 48, 51, 105, 69, 104, 11, 102, 30, 18, 107, 113]"
Esc128,5300,190,232.55,6.66,5,30,0.4,0.4,5,128,42,"[92, 88, 41, 55, 36, 14, 12, 122, 80, 108, 68, 35, 76, 27, 77, 19, 69, 98, 28, 114, 73, 117, 5, 65, 70, 115, 8, 32, 71, 25, 79, 103, 78, 72, 127, 15, 126, 74, 110, 44, 7, 47, 45, 3, 57, 82, 20, 24, 60, 51, 81, 0, 85, 99, 89, 50, 124, 58, 43, 119, 111, 29, 84, 63, 56, 31, 100, 18, 83, 105, 86, 42, 1, 120, 90, 123, 26, 112, 10, 91, 97, 49, 40, 30, 62, 6, 116, 21, 52, 121, 9, 109, 33, 4, 37, 13, 17, 94, 16, 75, 96, 118, 11, 53, 38, 113, 106, 102, 87, 95, 64, 22, 93, 125, 34, 46, 101, 48, 23, 67, 39, 104, 66, 61, 59, 54, 107, 2]"
Esc128,5400,190,236.75,6.66,5,30,0.4,0.4,5,128,42,"[92, 88, 41, 55, 36, 14, 12, 122, 80, 108, 68, 35, 76, 27, 77, 19, 69, 98, 28, 114, 73, 117, 5, 65, 70, 115, 8, 32, 71, 25, 79, 103, 78, 72, 127, 15, 126, 74, 110, 44, 7, 47, 45, 3, 57, 82, 20, 24, 60, 51, 81, 0, 85, 99, 89, 50, 124, 58, 43, 119, 111, 29, 84, 63, 56, 31, 100, 18, 83, 105, 86, 42, 1, 120, 90, 123, 26, 112, 10, 91, 97, 49, 40, 30, 62, 6, 116, 21, 52, 121, 9, 109, 33, 4, 37, 13, 17, 94, 16, 75, 96, 118, 11, 53, 38, 113, 106, 102, 87, 95, 64, 22, 93, 125, 34, 46, 101, 48, 23, 67, 39, 104, 66, 61, 59, 54, 107, 2]"
Esc128,5500,186,241.21,6.66,5,30,0.4,0.4,5,128,42,"[24, 81, 57, 55, 96, 104, 12, 80, 92, 41, 67, 111, 82, 85, 77, 19, 93, 120, 124, 0, 113, 90, 109, 45, 115, 122, 72, 102, 61, 91, 79, 103, 7, 100, 78, 127, 126, 11, 121, 69, 89, 73, 28, 65, 33, 95, 20, 112, 5, 50, 114, 14, 4, 2, 43, 16, 64, 76, 99, 101, 110, 29, 107, 63, 56, 31, 94, 68, 83, 105, 86, 42, 25, 8, 27, 70, 26, 3, 10, 30, 97, 74, 18, 84, 119, 62, 116, 21, 1, 48, 108, 40, 53, 117, 35, 36, 51, 60, 49, 71, 17, 54, 118, 58, 38, 23, 66, 98, 87, 34, 13, 22, 32, 125, 88, 15, 52, 39, 46, 9, 123, 37, 47, 106, 6, 59, 44, 75]"
Esc128,5600,174,245.43,6.67,5,30,0.4,0.4,5,128,42,"[1, 2, 54, 57, 108, 4, 99, 67, 22, 41, 118, 62, 25, 85, 18, 19, 93, 12, 70, 80, 113, 52, 105, 124, 119, 68, 48, 102, 61, 24, 79, 16, 117, 122, 107, 127, 87, 11, 51, 89, 116, 73, 28, 100, 33, 95, 20, 115, 104, 120, 114, 14, 81, 71, 43, 76, 64, 53, 13, 69, 38, 29, 78, 63, 8, 31, 10, 49, 83, 37, 86, 42, 82, 56, 27, 111, 26, 3, 94, 30, 65, 74, 112, 126, 92, 45, 5, 21, 66, 72, 55, 60, 106, 7, 35, 36, 91, 88, 103, 90, 84, 96, 6, 58, 110, 23, 34, 98, 17, 50, 97, 77, 32, 125, 121, 15, 0, 39, 46, 9, 123, 109, 47, 40, 101, 59, 44, 75]"
Esc128,5700,172,249.86,6.67,5,30,0.4,0.4,5,128,42,"[56, 105, 43, 83, 28, 4, 121, 67, 17, 41, 85, 111, 71, 118, 37, 20, 39, 84, 58, 65, 18, 87, 38, 77, 60, 40, 123, 102, 70, 61, 79, 98, 117, 6, 63, 127, 52, 11, 51, 89, 36, 73, 25, 22, 92, 95, 0, 120, 64, 122, 74, 14, 8, 16, 33, 93, 12, 53, 103, 69, 24, 75, 86, 107, 99, 31, 110, 35, 90, 113, 78, 19, 126, 96, 27, 119, 26, 34, 94, 30, 80, 116, 29, 15, 55, 82, 5, 21, 124, 32, 57, 3, 109, 7, 68, 97, 91, 88, 49, 104, 114, 81, 62, 115, 112, 48, 10, 66, 100, 50, 72, 125, 1, 9, 46, 45, 42, 2, 108, 76, 47, 106, 54, 23, 101, 59, 44, 13]"
Esc128,5800,170,254.11,6.67,5,30,0.4,0.4,5,128,42,"[83, 105, 43, 81, 28, 4, 40, 67, 17, 41, 85, 66, 71, 118, 116, 50, 39, 114, 58, 65, 18, 87, 32, 48, 73, 123, 121, 102, 70, 61, 79, 98, 117, 6, 63, 127, 54, 11, 109, 92, 53, 84, 88, 1, 89, 46, 76, 120, 64, 20, 96, 14, 8, 16, 33, 59, 80, 36, 115, 69, 24, 15, 37, 38, 99, 31, 110, 22, 90, 52, 78, 19, 126, 74, 27, 34, 26, 119, 94, 95, 12, 23, 93, 104, 55, 86, 5, 21, 124, 107, 57, 49, 51, 7, 68, 97, 91, 30, 3, 75, 44, 103, 62, 56, 112, 77, 10, 111, 100, 108, 72, 47, 29, 9, 125, 45, 42, 2, 122, 0, 25, 106, 113, 82, 101, 35, 60, 13]"
Esc128,5900,154,257.99,6.67,5,30,0.4,0.4,5,128,42,"[79, 9, 84, 36, 93, 65, 3, 68, 101, 57, 71, 41, 42, 118, 81, 38, 75, 100, 16, 66, 19, 39, 43, 49, 67, 4, 69, 102, 74, 61, 23, 96, 126, 106, 63, 127, 116, 11, 117, 92, 53, 125, 29, 103, 77, 46, 27, 59, 45, 62, 47, 14, 17, 20, 12, 120, 33, 98, 115, 121, 30, 88, 37, 113, 24, 31, 86, 8, 90, 52, 78, 10, 91, 80, 76, 34, 26, 119, 94, 95, 1, 56, 104, 110, 54, 48, 5, 21, 114, 107, 22, 51, 60, 7, 83, 109, 32, 70, 97, 40, 55, 124, 105, 85, 112, 73, 2, 111, 122, 89, 82, 58, 87, 0, 99, 44, 18, 6, 108, 15, 25, 64, 50, 72, 123, 35, 28, 13]"
Esc128,6000,146,261.94,6.67,5,30,0.4,0.4,5,128,42,"[79, 33, 96, 36, 93, 77, 35, 68, 52, 57, 84, 41, 42, 46, 67, 38, 60, 100, 55, 66, 103, 9, 2, 74, 81, 71, 34, 102, 49, 107, 23, 113, 53, 106, 63, 127, 37, 112, 29, 92, 58, 125, 117, 8, 65, 47, 27, 59, 98, 62, 48, 85, 17, 118, 12, 70, 45, 3, 120, 56, 121, 88, 61, 25, 18, 31, 50, 20, 90, 40, 78, 10, 91, 80, 76, 4, 26, 83, 94, 95, 13, 30, 116, 104, 122, 1, 5, 21, 72, 44, 89, 109, 75, 7, 15, 108, 0, 119, 16, 101, 51, 124, 105, 14, 11, 73, 43, 111, 54, 22, 82, 86, 87, 39, 99, 123, 115, 6, 114, 19, 69, 64, 32, 97, 126, 24, 28, 110]"
Esc128,6100,144,265.88,6.69,5,30,0.4,0.4,5,128,42,"[79, 33, 2, 44, 93, 121, 69, 68, 85, 52, 84, 9, 122, 46, 86, 38, 4, 116, 109, 36, 62, 108, 106, 54, 30, 71, 74, 15, 32, 64, 23, 39, 53, 107, 63, 127, 37, 112, 29, 65, 110, 125, 117, 11, 45, 40, 27, 51, 103, 113, 48, 22, 17, 118, 70, 12, 77, 111, 120, 72, 92, 73, 50, 104, 35, 31, 61, 55, 90, 98, 94, 10, 91, 28, 83, 3, 26, 76, 78, 95, 21, 101, 123, 25, 42, 8, 5, 13, 58, 105, 119, 57, 96, 7, 102, 89, 41, 66, 80, 47, 59, 97, 115, 14, 1, 88, 20, 60, 81, 34, 82, 67, 87, 0, 99, 19, 43, 6, 114, 100, 18, 56, 49, 16, 126, 24, 124, 75]"
Esc128,6200,128,269.94,6.69,5,30,0.4,0.4,5,128,42,"[124, 33, 2, 44, 29, 121, 57, 68, 36, 43, 123, 65, 14, 46, 28, 38, 61, 84, 32, 85, 62, 11, 106, 16, 30, 12, 74, 15, 89, 52, 23, 39, 53, 107, 63, 127, 79, 78, 45, 101, 22, 69, 117, 4, 125, 37, 27, 51, 103, 115, 49, 116, 17, 118, 71, 0, 54, 111, 120, 60, 92, 73, 70, 104, 10, 31, 34, 55, 90, 98, 94, 110, 91, 8, 83, 3, 26, 81, 93, 95, 21, 97, 35, 25, 42, 108, 5, 13, 58, 72, 86, 119, 48, 7, 102, 77, 41, 66, 80, 47, 59, 100, 113, 122, 1, 88, 20, 105, 76, 50, 82, 67, 87, 112, 99, 114, 64, 75, 19, 109, 18, 96, 24, 9, 126, 40, 56, 6]"
Esc128,6300,118,274.18,6.69,5,30,0.4,0.4,5,128,42,"[113, 33, 2, 44, 29, 121, 122, 32, 8, 34, 30, 105, 25, 46, 18, 38, 61, 107, 9, 85, 4, 11, 119, 15, 81, 75, 118, 84, 123, 52, 23, 14, 53, 120, 63, 127, 79, 78, 45, 101, 22, 69, 117, 97, 60, 68, 1, 51, 82, 36, 49, 116, 17, 74, 71, 0, 54, 111, 80, 72, 92, 40, 70, 104, 56, 31, 41, 55, 90, 98, 94, 110, 91, 115, 83, 86, 26, 58, 93, 95, 21, 62, 88, 47, 42, 108, 5, 13, 35, 73, 3, 106, 48, 7, 99, 76, 10, 66, 100, 39, 6, 65, 124, 57, 27, 96, 20, 24, 19, 50, 103, 67, 87, 112, 102, 114, 64, 89, 77, 109, 28, 12, 43, 37, 126, 125, 16, 59]"
Esc128,6400,112,278.46,6.69,5,30,0.4,0.4,5,128,42,"[92, 64, 2, 108, 29, 121, 77, 115, 8, 120, 79, 3, 116, 46, 86, 38, 48, 66, 56, 24, 18, 80, 72, 124, 113, 75, 118, 12, 52, 110, 23, 14, 54, 55, 63, 127, 78, 33, 10, 101, 22, 69, 117, 97, 109, 19, 1, 81, 82, 36, 49, 100, 17, 9, 71, 122, 4, 16, 98, 119, 68, 40, 70, 104, 112, 31, 76, 114, 90, 62, 94, 28, 91, 32, 89, 41, 26, 61, 93, 95, 21, 83, 88, 126, 105, 39, 5, 13, 30, 57, 60, 106, 111, 7, 99, 25, 125, 107, 27, 84, 6, 0, 15, 73, 58, 35, 20, 85, 11, 50, 103, 67, 87, 65, 51, 42, 53, 102, 123, 34, 45, 74, 43, 37, 47, 44, 96, 59]"
Esc128,6500,108,282.82,6.69,5,30,0.4,0.4,5,128,42,"[115, 33, 43, 50, 29, 55, 112, 22, 30, 120, 107, 3, 70, 46, 35, 38, 68, 49, 19, 47, 18, 80, 12, 74, 117, 96, 124, 24, 98, 110, 23, 111, 54, 41, 63, 127, 78, 108, 10, 101, 114, 69, 85, 106, 109, 76, 1, 9, 56, 32, 25, 100, 17, 102, 82, 122, 125, 14, 52, 113, 104, 40, 53, 8, 39, 31, 121, 92, 90, 58, 94, 28, 91, 36, 89, 75, 26, 116, 93, 95, 21, 48, 27, 126, 81, 73, 5, 13, 118, 34, 60, 64, 16, 7, 99, 66, 77, 79, 83, 61, 62, 0, 123, 71, 97, 86, 20, 119, 11, 15, 103, 72, 87, 65, 51, 42, 84, 105, 88, 57, 6, 4, 2, 37, 67, 44, 45, 59]"
Esc128,6600,108,287.03,6.43,5,30,0.4,0.4,5,128,42,"[115, 33, 43, 50, 29, 55, 112, 22, 30, 120, 107, 3, 70, 46, 35, 38, 68, 49, 19, 47, 18, 80, 12, 74, 117, 96, 124, 24, 98, 110, 23, 111, 54, 41, 63, 127, 78, 108, 10, 101, 114, 69, 85, 106, 109, 76, 1, 9, 56, 32, 25, 100, 17, 102, 82, 122, 125, 14, 52, 113, 104, 40, 53, 8, 39, 31, 121, 92, 90, 58, 94, 28, 91, 36, 89, 75, 26, 116, 93, 95, 21, 48, 27, 126, 81, 73, 5, 13, 118, 34, 60, 64, 16, 7, 99, 66, 77, 79, 83, 61, 62, 0, 123, 71, 97, 86, 20, 119, 11, 15, 103, 72, 87, 65, 51, 42, 84, 105, 88, 57, 6, 4, 2, 37, 67, 44, 45, 59]"
Esc128,100,272,290.98,7.52,5,30,0.4,0.4,5,128,42,"[94, 36, 16, 39, 73, 85, 18, 54, 76, 125, 102, 15, 101, 12, 108, 8, 121, 11, 23, 112, 109, 126, 81, 92, 9, 37, 10, 40, 42, 96, 63, 58, 103, 66, 17, 88, 5, 90, 26, 123, 79, 120, 104, 19, 72, 6, 52, 82, 117, 30, 71, 115, 34, 69, 27, 99, 41, 65, 48, 95, 100, 122, 28, 45, 74, 127, 98, 87, 25, 53, 55, 2, 113, 110, 91, 77, 119, 13, 7, 1, 60, 21, 56, 97, 24, 83, 57, 47, 38, 78, 44, 22, 86, 61, 4, 33, 68, 3, 14, 0, 116, 51, 35, 49, 46, 84, 75, 43, 80, 67, 114, 89, 93, 59, 118, 50, 111, 32, 124, 106, 29, 105, 31, 20, 70, 64, 107, 62]"
Esc128,200,272,294.94,7.65,5,30,0.4,0.4,5,128,42,"[94, 36, 16, 39, 73, 85, 18, 54, 76, 125, 102, 15, 101, 12, 108, 8, 121, 11, 23, 112, 109, 126, 81, 92, 9, 37, 10, 40, 42, 96, 63, 58, 103, 66, 17, 88, 5, 90, 26, 123, 79, 120, 104, 19, 72, 6, 52, 82, 117, 30, 71, 115, 34, 69, 27, 99, 41, 65, 48, 95, 100, 122, 28, 45, 74, 127, 98, 87, 25, 53, 55, 2, 113, 110, 91, 77, 119, 13, 7, 1, 60, 21, 56, 97, 24, 83, 57, 47, 38, 78, 44, 22, 86, 61, 4, 33, 68, 3, 14, 0, 116, 51, 35, 49, 46, 84, 75, 43, 80, 67, 114, 89, 93, 59, 118, 50, 111, 32, 124, 106, 29, 105, 31, 20, 70, 64, 107, 62]"
Esc128,300,272,299.05,7.65,5,30,0.4,0.4,5,128,42,"[94, 36, 16, 39, 73, 85, 18, 54, 76, 125, 102, 15, 101, 12, 108, 8, 121, 11, 23, 112, 109, 126, 81, 92, 9, 37, 10, 40, 42, 96, 63, 58, 103, 66, 17, 88, 5, 90, 26, 123, 79, 120, 104, 19, 72, 6, 52, 82, 117, 30, 71, 115, 34, 69, 27, 99, 41, 65, 48, 95, 100, 122, 28, 45, 74, 127, 98, 87, 25, 53, 55, 2, 113, 110, 91, 77, 119, 13, 7, 1, 60, 21, 56, 97, 24, 83, 57, 47, 38, 78, 44, 22, 86, 61, 4, 33, 68, 3, 14, 0, 116, 51, 35, 49, 46, 84, 75, 43, 80, 67, 114, 89, 93, 59, 118, 50, 111, 32, 124, 106, 29, 105, 31, 20, 70, 64, 107, 62]"
Esc128,400,272,303.44,7.65,5,30,0.4,0.4,5,128,42,"[94, 36, 16, 39, 73, 85, 18, 54, 76, 125, 102, 15, 101, 12, 108, 8, 121, 11, 23, 112, 109, 126, 81, 92, 9, 37, 10, 40, 42, 96, 63, 58, 103, 66, 17, 88, 5, 90, 26, 123, 79, 120, 104, 19, 72, 6, 52, 82, 117, 30, 71, 115, 34, 69, 27, 99, 41, 65, 48, 95, 100, 122, 28, 45, 74, 127, 98, 87, 25, 53, 55, 2, 113, 110, 91, 77, 119, 13, 7, 1, 60, 21, 56, 97, 24, 83, 57, 47, 38, 78, 44, 22, 86, 61, 4, 33, 68, 3, 14, 0, 116, 51, 35, 49, 46, 84, 75, 43, 80, 67, 114, 89, 93, 59, 118, 50, 111, 32, 124, 106, 29, 105, 31, 20, 70, 64, 107, 62]"
Esc128,500,272,307.14,7.55,5,30,0.4,0.4,5,128,42,"[94, 36, 16, 39, 73, 85, 18, 54, 76, 125, 102, 15, 101, 12, 108, 8, 121, 11, 23, 112, 109, 126, 81, 92, 9, 37, 10, 40, 42, 96, 63, 58, 103, 66, 17, 88, 5, 90, 26, 123, 79, 120, 104, 19, 72, 6, 52, 82, 117, 30, 71, 115, 34, 69, 27, 99, 41, 65, 48, 95, 100, 122, 28, 45, 74, 127, 98, 87, 25, 53, 55, 2, 113, 110, 91, 77, 119, 13, 7, 1, 60, 21, 56, 97, 24, 83, 57, 47, 38, 78, 44, 22, 86, 61, 4, 33, 68, 3, 14, 0, 116, 51, 35, 49, 46, 84, 75, 43, 80, 67, 114, 89, 93, 59, 118, 50, 111, 32, 124, 106, 29, 105, 31, 20, 70, 64, 107, 62]"
Esc128,600,272,310.8,7.55,5,30,0.4,0.4,5,128,42,"[94, 36, 16, 39, 73, 85, 18, 54, 76, 125, 102, 15, 101, 12, 108, 8, 121, 11, 23, 112, 109, 126, 81, 92, 9, 37, 10, 40, 42, 96, 63, 58, 103, 66, 17, 88, 5, 90, 26, 123, 79, 120, 104, 19, 72, 6, 52, 82, 117, 30, 71, 115, 34, 69, 27, 99, 41, 65, 48, 95, 100, 122, 28, 45, 74, 127, 98, 87, 25, 53, 55, 2, 113, 110, 91, 77, 119, 13, 7, 1, 60, 21, 56, 97, 24, 83, 57, 47, 38, 78, 44, 22, 86, 61, 4, 33, 68, 3, 14, 0, 116, 51, 35, 49, 46, 84, 75, 43, 80, 67, 114, 89, 93, 59, 118, 50, 111, 32, 124, 106, 29, 105, 31, 20, 70, 64, 107, 62]"
Esc128,700,272,314.42,7.55,5,30,0.4,0.4,5,128,42,"[94, 36, 16, 39, 73, 85, 18, 54, 76, 125, 102, 15, 101, 12, 108, 8, 121, 11, 23, 112, 109, 126, 81, 92, 9, 37, 10, 40, 42, 96, 63, 58, 103, 66, 17, 88, 5, 90, 26, 123, 79, 120, 104, 19, 72, 6, 52, 82, 117, 30, 71, 115, 34, 69, 27, 99, 41, 65, 48, 95, 100, 122, 28, 45, 74, 127, 98, 87, 25, 53, 55, 2, 113, 110, 91, 77, 119, 13, 7, 1, 60, 21, 56, 97, 24, 83, 57, 47, 38, 78, 44, 22, 86, 61, 4, 33, 68, 3, 14, 0, 116, 51, 35, 49, 46, 84, 75, 43, 80, 67, 114, 89, 93, 59, 118, 50, 111, 32, 124, 106, 29, 105, 31, 20, 70, 64, 107, 62]"
Esc128,800,272,318.77,7.55,5,30,0.4,0.4,5,128,42,"[94, 36, 16, 39, 73, 85, 18, 54, 76, 125, 102, 15, 101, 12, 108, 8, 121, 11, 23, 112, 109, 126, 81, 92, 9, 37, 10, 40, 42, 96, 63, 58, 103, 66, 17, 88, 5, 90, 26, 123, 79, 120, 104, 19, 72, 6, 52, 82, 117, 30, 71, 115, 34, 69, 27, 99, 41, 65, 48, 95, 100, 122, 28, 45, 74, 127, 98, 87, 25, 53, 55, 2, 113, 110, 91, 77, 119, 13, 7, 1, 60, 21, 56, 97, 24, 83, 57, 47, 38, 78, 44, 22, 86, 61, 4, 33, 68, 3, 14, 0, 116, 51, 35, 49, 46, 84, 75, 43, 80, 67, 114, 89, 93, 59, 118, 50, 111, 32, 124, 106, 29, 105, 31, 20, 70, 64, 107, 62]"
Esc128,900,272,322.67,7.56,5,30,0.4,0.4,5,128,42,"[94, 36, 16, 39, 73, 85, 18, 54, 76, 125, 102, 15, 101, 12, 108, 8, 121, 11, 23, 112, 109, 126, 81, 92, 9, 37, 10, 40, 42, 96, 63, 58, 103, 66, 17, 88, 5, 90, 26, 123, 79, 120, 104, 19, 72, 6, 52, 82, 117, 30, 71, 115, 34, 69, 27, 99, 41, 65, 48, 95, 100, 122, 28, 45, 74, 127, 98, 87, 25, 53, 55, 2, 113, 110, 91, 77, 119, 13, 7, 1, 60, 21, 56, 97, 24, 83, 57, 47, 38, 78, 44, 22, 86, 61, 4, 33, 68, 3, 14, 0, 116, 51, 35, 49, 46, 84, 75, 43, 80, 67, 114, 89, 93, 59, 118, 50, 111, 32, 124, 106, 29, 105, 31, 20, 70, 64, 107, 62]"
Esc128,1000,272,326.52,7.56,5,30,0.4,0.4,5,128,42,"[94, 36, 16, 39, 73, 85, 18, 54, 76, 125, 102, 15, 101, 12, 108, 8, 121, 11, 23, 112, 109, 126, 81, 92, 9, 37, 10, 40, 42, 96, 63, 58, 103, 66, 17, 88, 5, 90, 26, 123, 79, 120, 104, 19, 72, 6, 52, 82, 117, 30, 71, 115, 34, 69, 27, 99, 41, 65, 48, 95, 100, 122, 28, 45, 74, 127, 98, 87, 25, 53, 55, 2, 113, 110, 91, 77, 119, 13, 7, 1, 60, 21, 56, 97, 24, 83, 57, 47, 38, 78, 44, 22, 86, 61, 4, 33, 68, 3, 14, 0, 116, 51, 35, 49, 46, 84, 75, 43, 80, 67, 114, 89, 93, 59, 118, 50, 111, 32, 124, 106, 29, 105, 31, 20, 70, 64, 107, 62]"
Esc128,1100,272,330.45,7.79,5,30,0.4,0.4,5,128,42,"[94, 36, 16, 39, 73, 85, 18, 54, 76, 125, 102, 15, 101, 12, 108, 8, 121, 11, 23, 112, 109, 126, 81, 92, 9, 37, 10, 40, 42, 96, 63, 58, 103, 66, 17, 88, 5, 90, 26, 123, 79, 120, 104, 19, 72, 6, 52, 82, 117, 30, 71, 115, 34, 69, 27, 99, 41, 65, 48, 95, 100, 122, 28, 45, 74, 127, 98, 87, 25, 53, 55, 2, 113, 110, 91, 77, 119, 13, 7, 1, 60, 21, 56, 97, 24, 83, 57, 47, 38, 78, 44, 22, 86, 61, 4, 33, 68, 3, 14, 0, 116, 51, 35, 49, 46, 84, 75, 43, 80, 67, 114, 89, 93, 59, 118, 50, 111, 32, 124, 106, 29, 105, 31, 20, 70, 64, 107, 62]"
Esc128,1200,272,334.82,7.79,5,30,0.4,0.4,5,128,42,"[94, 36, 16, 39, 73, 85, 18, 54, 76, 125, 102, 15, 101, 12, 108, 8, 121, 11, 23, 112, 109, 126, 81, 92, 9, 37, 10, 40, 42, 96, 63, 58, 103, 66, 17, 88, 5, 90, 26, 123, 79, 120, 104, 19, 72, 6, 52, 82, 117, 30, 71, 115, 34, 69, 27, 99, 41, 65, 48, 95, 100, 122, 28, 45, 74, 127, 98, 87, 25, 53, 55, 2, 113, 110, 91, 77, 119, 13, 7, 1, 60, 21, 56, 97, 24, 83, 57, 47, 38, 78, 44, 22, 86, 61, 4, 33, 68, 3, 14, 0, 116, 51, 35, 49, 46, 84, 75, 43, 80, 67, 114, 89, 93, 59, 118, 50, 111, 32, 124, 106, 29, 105, 31, 20, 70, 64, 107, 62]"
Esc128,1300,270,339.12,7.79,5,30,0.4,0.4,5,128,42,"[83, 12, 107, 0, 34, 81, 26, 127, 102, 126, 25, 32, 109, 20, 121, 60, 108, 53, 61, 49, 4, 67, 18, 9, 46, 8, 84, 2, 21, 87, 27, 38, 68, 14, 88, 29, 100, 76, 89, 39, 124, 3, 114, 95, 86, 99, 10, 69, 79, 111, 71, 33, 65, 15, 6, 51, 82, 40, 120, 119, 59, 104, 22, 80, 16, 103, 98, 97, 73, 85, 23, 115, 19, 48, 63, 78, 41, 47, 5, 57, 72, 58, 93, 43, 30, 1, 96, 37, 45, 91, 11, 24, 50, 105, 116, 77, 123, 55, 75, 90, 117, 106, 36, 125, 52, 92, 31, 74, 56, 70, 122, 112, 113, 94, 28, 35, 110, 7, 64, 62, 17, 66, 13, 54, 118, 42, 101, 44]"
Esc128,1400,260,343.52,7.79,5,30,0.4,0.4,5,128,42,"[48, 79, 107, 28, 34, 85, 125, 19, 3, 71, 38, 32, 94, 20, 121, 6, 76, 89, 61, 49, 4, 13, 18, 105, 53, 111, 100, 2, 21, 80, 27, 77, 45, 103, 95, 17, 75, 109, 26, 39, 114, 41, 113, 42, 122, 99, 10, 69, 52, 88, 126, 112, 65, 51, 84, 118, 82, 64, 123, 106, 115, 8, 22, 12, 16, 14, 25, 97, 73, 104, 46, 59, 43, 83, 63, 78, 30, 47, 5, 57, 72, 58, 93, 127, 124, 1, 33, 37, 68, 91, 98, 119, 50, 9, 116, 66, 101, 35, 108, 90, 60, 24, 92, 23, 67, 62, 15, 40, 56, 70, 87, 102, 36, 117, 86, 55, 110, 7, 96, 74, 29, 81, 11, 54, 44, 31, 120, 0]"
Esc128,1500,260,347.68,7.79,5,30,0.4,0.4,5,128,42,"[48, 79, 107, 28, 34, 85, 125, 19, 3, 71, 38, 32, 94, 20, 121, 6, 76, 89, 61, 49, 4, 13, 18, 105, 53, 111, 100, 2, 21, 80, 27, 77, 45, 103, 95, 17, 75, 109, 26, 39, 114, 41, 113, 42, 122, 99, 10, 69, 52, 88, 126, 112, 65, 51, 84, 118, 82, 64, 123, 106, 115, 8, 22, 12, 16, 14, 25, 97, 73, 104, 46, 59, 43, 83, 63, 78, 30, 47, 5, 57, 72, 58, 93, 127, 124, 1, 33, 37, 68, 91, 98, 119, 50, 9, 116, 66, 101, 35, 108, 90, 60, 24, 92, 23, 67, 62, 15, 40, 56, 70, 87, 102, 36, 117, 86, 55, 110, 7, 96, 74, 29, 81, 11, 54, 44, 31, 120, 0]"
Esc128,1600,260,351.66,7.79,5,30,0.4,0.4,5,128,42,"[48, 79, 107, 28, 34, 85, 125, 19, 3, 71, 38, 32, 94, 20, 121, 6, 76, 89, 61, 49, 4, 13, 18, 105, 53, 111, 100, 2, 21, 80, 27, 77, 45, 103, 95, 17, 75, 109, 26, 39, 114, 41, 113, 42, 122, 99, 10, 69, 52, 88, 126, 112, 65, 51, 84, 118, 82, 64, 123, 106, 115, 8, 22, 12, 16, 14, 25, 97, 73, 104, 46, 59, 43, 83, 63, 78, 30, 47, 5, 57, 72, 58, 93, 127, 124, 1, 33, 37, 68, 91, 98, 119, 50, 9, 116, 66, 101, 35, 108, 90, 60, 24, 92, 23, 67, 62, 15, 40, 56, 70, 87, 102, 36, 117, 86, 55, 110, 7, 96, 74, 29, 81, 11, 54, 44, 31, 120, 0]"
Esc128,1700,260,355.57,7.8,5,30,0.4,0.4,5,128,42,"[48, 79, 107, 28, 34, 85, 125, 19, 3, 71, 38, 32, 94, 20, 121, 6, 76, 89, 61, 49, 4, 13, 18, 105, 53, 111, 100, 2, 21, 80, 27, 77, 45, 103, 95, 17, 75, 109, 26, 39, 114, 41, 113, 42, 122, 99, 10, 69, 52, 88, 126, 112, 65, 51, 84, 118, 82, 64, 123, 106, 115, 8, 22, 12, 16, 14, 25, 97, 73, 104, 46, 59, 43, 83, 63, 78, 30, 47, 5, 57, 72, 58, 93, 127, 124, 1, 33, 37, 68, 91, 98, 119, 50, 9, 116, 66, 101, 35, 108, 90, 60, 24, 92, 23, 67, 62, 15, 40, 56, 70, 87, 102, 36, 117, 86, 55, 110, 7, 96, 74, 29, 81, 11, 54, 44, 31, 120, 0]"
Esc128,1800,260,359.22,7.8,5,30,0.4,0.4,5,128,42,"[48, 79, 107, 28, 34, 85, 125, 19, 3, 71, 38, 32, 94, 20, 121, 6, 76, 89, 61, 49, 4, 13, 18, 105, 53, 111, 100, 2, 21, 80, 27, 77, 45, 103, 95, 17, 75, 109, 26, 39, 114, 41, 113, 42, 122, 99, 10, 69, 52, 88, 126, 112, 65, 51, 84, 118, 82, 64, 123, 106, 115, 8, 22, 12, 16, 14, 25, 97, 73, 104, 46, 59, 43, 83, 63, 78, 30, 47, 5, 57, 72, 58, 93, 127, 124, 1, 33, 37, 68, 91, 98, 119, 50, 9, 116, 66, 101, 35, 108, 90, 60, 24, 92, 23, 67, 62, 15, 40, 56, 70, 87, 102, 36, 117, 86, 55, 110, 7, 96, 74, 29, 81, 11, 54, 44, 31, 120, 0]"
Esc128,1900,260,362.71,7.68,5,30,0.4,0.4,5,128,42,"[48, 79, 107, 28, 34, 85, 125, 19, 3, 71, 38, 32, 94, 20, 121, 6, 76, 89, 61, 49, 4, 13, 18, 105, 53, 111, 100, 2, 21, 80, 27, 77, 45, 103, 95, 17, 75, 109, 26, 39, 114, 41, 113, 42, 122, 99, 10, 69, 52, 88, 126, 112, 65, 51, 84, 118, 82, 64, 123, 106, 115, 8, 22, 12, 16, 14, 25, 97, 73, 104, 46, 59, 43, 83, 63, 78, 30, 47, 5, 57, 72, 58, 93, 127, 124, 1, 33, 37, 68, 91, 98, 119, 50, 9, 116, 66, 101, 35, 108, 90, 60, 24, 92, 23, 67, 62, 15, 40, 56, 70, 87, 102, 36, 117, 86, 55, 110, 7, 96, 74, 29, 81, 11, 54, 44, 31, 120, 0]"
Esc128,2000,260,366.62,7.68,5,30,0.4,0.4,5,128,42,"[48, 79, 107, 28, 34, 85, 125, 19, 3, 71, 38, 32, 94, 20, 121, 6, 76, 89, 61, 49, 4, 13, 18, 105, 53, 111, 100, 2, 21, 80, 27, 77, 45, 103, 95, 17, 75, 109, 26, 39, 114, 41, 113, 42, 122, 99, 10, 69, 52, 88, 126, 112, 65, 51, 84, 118, 82, 64, 123, 106, 115, 8, 22, 12, 16, 14, 25, 97, 73, 104, 46, 59, 43, 83, 63, 78, 30, 47, 5, 57, 72, 58, 93, 127, 124, 1, 33, 37, 68, 91, 98, 119, 50, 9, 116, 66, 101, 35, 108, 90, 60, 24, 92, 23, 67, 62, 15, 40, 56, 70, 87, 102, 36, 117, 86, 55, 110, 7, 96, 74, 29, 81, 11, 54, 44, 31, 120, 0]"
Esc128,2100,260,370.81,7.69,5,30,0.4,0.4,5,128,42,"[48, 79, 107, 28, 34, 85, 125, 19, 3, 71, 38, 32, 94, 20, 121, 6, 76, 89, 61, 49, 4, 13, 18, 105, 53, 111, 100, 2, 21, 80, 27, 77, 45, 103, 95, 17, 75, 109, 26, 39, 114, 41, 113, 42, 122, 99, 10, 69, 52, 88, 126, 112, 65, 51, 84, 118, 82, 64, 123, 106, 115, 8, 22, 12, 16, 14, 25, 97, 73, 104, 46, 59, 43, 83, 63, 78, 30, 47, 5, 57, 72, 58, 93, 127, 124, 1, 33, 37, 68, 91, 98, 119, 50, 9, 116, 66, 101, 35, 108, 90, 60, 24, 92, 23, 67, 62, 15, 40, 56, 70, 87, 102, 36, 117, 86, 55, 110, 7, 96, 74, 29, 81, 11, 54, 44, 31, 120, 0]"
Esc128,2200,260,375.11,7.69,5,30,0.4,0.4,5,128,42,"[48, 79, 107, 28, 34, 85, 125, 19, 3, 71, 38, 32, 94, 20, 121, 6, 76, 89, 61, 49, 4, 13, 18, 105, 53, 111, 100, 2, 21, 80, 27, 77, 45, 103, 95, 17, 75, 109, 26, 39, 114, 41, 113, 42, 122, 99, 10, 69, 52, 88, 126, 112, 65, 51, 84, 118, 82, 64, 123, 106, 115, 8, 22, 12, 16, 14, 25, 97, 73, 104, 46, 59, 43, 83, 63, 78, 30, 47, 5, 57, 72, 58, 93, 127, 124, 1, 33, 37, 68, 91, 98, 119, 50, 9, 116, 66, 101, 35, 108, 90, 60, 24, 92, 23, 67, 62, 15, 40, 56, 70, 87, 102, 36, 117, 86, 55, 110, 7, 96, 74, 29, 81, 11, 54, 44, 31, 120, 0]"
Esc128,2300,260,379.4,7.69,5,30,0.4,0.4,5,128,42,"[48, 79, 107, 28, 34, 85, 125, 19, 3, 71, 38, 32, 94, 20, 121, 6, 76, 89, 61, 49, 4, 13, 18, 105, 53, 111, 100, 2, 21, 80, 27, 77, 45, 103, 95, 17, 75, 109, 26, 39, 114, 41, 113, 42, 122, 99, 10, 69, 52, 88, 126, 112, 65, 51, 84, 118, 82, 64, 123, 106, 115, 8, 22, 12, 16, 14, 25, 97, 73, 104, 46, 59, 43, 83, 63, 78, 30, 47, 5, 57, 72, 58, 93, 127, 124, 1, 33, 37, 68, 91, 98, 119, 50, 9, 116, 66, 101, 35, 108, 90, 60, 24, 92, 23, 67, 62, 15, 40, 56, 70, 87, 102, 36, 117, 86, 55, 110, 7, 96, 74, 29, 81, 11, 54, 44, 31, 120, 0]"
Esc128,2400,260,383.13,7.69,5,30,0.4,0.4,5,128,42,"[48, 79, 107, 28, 34, 85, 125, 19, 3, 71, 38, 32, 94, 20, 121, 6, 76, 89, 61, 49, 4, 13, 18, 105, 53, 111, 100, 2, 21, 80, 27, 77, 45, 103, 95, 17, 75, 109, 26, 39, 114, 41, 113, 42, 122, 99, 10, 69, 52, 88, 126, 112, 65, 51, 84, 118, 82, 64, 123, 106, 115, 8, 22, 12, 16, 14, 25, 97, 73, 104, 46, 59, 43, 83, 63, 78, 30, 47, 5, 57, 72, 58, 93, 127, 124, 1, 33, 37, 68, 91, 98, 119, 50, 9, 116, 66, 101, 35, 108, 90, 60, 24, 92, 23, 67, 62, 15, 40, 56, 70, 87, 102, 36, 117, 86, 55, 110, 7, 96, 74, 29, 81, 11, 54, 44, 31, 120, 0]"
Esc128,2500,260,387.04,7.69,5,30,0.4,0.4,5,128,42,"[48, 79, 107, 28, 34, 85, 125, 19, 3, 71, 38, 32, 94, 20, 121, 6, 76, 89, 61, 49, 4, 13, 18, 105, 53, 111, 100, 2, 21, 80, 27, 77, 45, 103, 95, 17, 75, 109, 26, 39, 114, 41, 113, 42, 122, 99, 10, 69, 52, 88, 126, 112, 65, 51, 84, 118, 82, 64, 123, 106, 115, 8, 22, 12, 16, 14, 25, 97, 73, 104, 46, 59, 43, 83, 63, 78, 30, 47, 5, 57, 72, 58, 93, 127, 124, 1, 33, 37, 68, 91, 98, 119, 50, 9, 116, 66, 101, 35, 108, 90, 60, 24, 92, 23, 67, 62, 15, 40, 56, 70, 87, 102, 36, 117, 86, 55, 110, 7, 96, 74, 29, 81, 11, 54, 44, 31, 120, 0]"
Esc128,2600,260,390.66,6.43,5,30,0.4,0.4,5,128,42,"[48, 79, 107, 28, 34, 85, 125, 19, 3, 71, 38, 32, 94, 20, 121, 6, 76, 89, 61, 49, 4, 13, 18, 105, 53, 111, 100, 2, 21, 80, 27, 77, 45, 103, 95, 17, 75, 109, 26, 39, 114, 41, 113, 42, 122, 99, 10, 69, 52, 88, 126, 112, 65, 51, 84, 118, 82, 64, 123, 106, 115, 8, 22, 12, 16, 14, 25, 97, 73, 104, 46, 59, 43, 83, 63, 78, 30, 47, 5, 57, 72, 58, 93, 127, 124, 1, 33, 37, 68, 91, 98, 119, 50, 9, 116, 66, 101, 35, 108, 90, 60, 24, 92, 23, 67, 62, 15, 40, 56, 70, 87, 102, 36, 117, 86, 55, 110, 7, 96, 74, 29, 81, 11, 54, 44, 31, 120, 0]"
Esc128,2700,260,394.73,5.8,5,30,0.4,0.4,5,128,42,"[48, 79, 107, 28, 34, 85, 125, 19, 3, 71, 38, 32, 94, 20, 121, 6, 76, 89, 61, 49, 4, 13, 18, 105, 53, 111, 100, 2, 21, 80, 27, 77, 45, 103, 95, 17, 75, 109, 26, 39, 114, 41, 113, 42, 122, 99, 10, 69, 52, 88, 126, 112, 65, 51, 84, 118, 82, 64, 123, 106, 115, 8, 22, 12, 16, 14, 25, 97, 73, 104, 46, 59, 43, 83, 63, 78, 30, 47, 5, 57, 72, 58, 93, 127, 124, 1, 33, 37, 68, 91, 98, 119, 50, 9, 116, 66, 101, 35, 108, 90, 60, 24, 92, 23, 67, 62, 15, 40, 56, 70, 87, 102, 36, 117, 86, 55, 110, 7, 96, 74, 29, 81, 11, 54, 44, 31, 120, 0]"
Esc128,2800,260,398.72,5.8,5,30,0.4,0.4,5,128,42,"[48, 79, 107, 28, 34, 85, 125, 19, 3, 71, 38, 32, 94, 20, 121, 6, 76, 89, 61, 49, 4, 13, 18, 105, 53, 111, 100, 2, 21, 80, 27, 77, 45, 103, 95, 17, 75, 109, 26, 39, 114, 41, 113, 42, 122, 99, 10, 69, 52, 88, 126, 112, 65, 51, 84, 118, 82, 64, 123, 106, 115, 8, 22, 12, 16, 14, 25, 97, 73, 104, 46, 59, 43, 83, 63, 78, 30, 47, 5, 57, 72, 58, 93, 127, 124, 1, 33, 37, 68, 91, 98, 119, 50, 9, 116, 66, 101, 35, 108, 90, 60, 24, 92, 23, 67, 62, 15, 40, 56, 70, 87, 102, 36, 117, 86, 55, 110, 7, 96, 74, 29, 81, 11, 54, 44, 31, 120, 0]"
Esc128,2900,260,402.75,5.8,5,30,0.4,0.4,5,128,42,"[48, 79, 107, 28, 34, 85, 125, 19, 3, 71, 38, 32, 94, 20, 121, 6, 76, 89, 61, 49, 4, 13, 18, 105, 53, 111, 100, 2, 21, 80, 27, 77, 45, 103, 95, 17, 75, 109, 26, 39, 114, 41, 113, 42, 122, 99, 10, 69, 52, 88, 126, 112, 65, 51, 84, 118, 82, 64, 123, 106, 115, 8, 22, 12, 16, 14, 25, 97, 73, 104, 46, 59, 43, 83, 63, 78, 30, 47, 5, 57, 72, 58, 93, 127, 124, 1, 33, 37, 68, 91, 98, 119, 50, 9, 116, 66, 101, 35, 108, 90, 60, 24, 92, 23, 67, 62, 15, 40, 56, 70, 87, 102, 36, 117, 86, 55, 110, 7, 96, 74, 29, 81, 11, 54, 44, 31, 120, 0]"
Esc128,3000,260,406.96,5.82,5,30,0.4,0.4,5,128,42,"[48, 79, 107, 28, 34, 85, 125, 19, 3, 71, 38, 32, 94, 20, 121, 6, 76, 89, 61, 49, 4, 13, 18, 105, 53, 111, 100, 2, 21, 80, 27, 77, 45, 103, 95, 17, 75, 109, 26, 39, 114, 41, 113, 42, 122, 99, 10, 69, 52, 88, 126, 112, 65, 51, 84, 118, 82, 64, 123, 106, 115, 8, 22, 12, 16, 14, 25, 97, 73, 104, 46, 59, 43, 83, 63, 78, 30, 47, 5, 57, 72, 58, 93, 127, 124, 1, 33, 37, 68, 91, 98, 119, 50, 9, 116, 66, 101, 35, 108, 90, 60, 24, 92, 23, 67, 62, 15, 40, 56, 70, 87, 102, 36, 117, 86, 55, 110, 7, 96, 74, 29, 81, 11, 54, 44, 31, 120, 0]"
Esc128,3100,260,411.16,5.82,5,30,0.4,0.4,5,128,42,"[48, 79, 107, 28, 34, 85, 125, 19, 3, 71, 38, 32, 94, 20, 121, 6, 76, 89, 61, 49, 4, 13, 18, 105, 53, 111, 100, 2, 21, 80, 27, 77, 45, 103, 95, 17, 75, 109, 26, 39, 114, 41, 113, 42, 122, 99, 10, 69, 52, 88, 126, 112, 65, 51, 84, 118, 82, 64, 123, 106, 115, 8, 22, 12, 16, 14, 25, 97, 73, 104, 46, 59, 43, 83, 63, 78, 30, 47, 5, 57, 72, 58, 93, 127, 124, 1, 33, 37, 68, 91, 98, 119, 50, 9, 116, 66, 101, 35, 108, 90, 60, 24, 92, 23, 67, 62, 15, 40, 56, 70, 87, 102, 36, 117, 86, 55, 110, 7, 96, 74, 29, 81, 11, 54, 44, 31, 120, 0]"
Esc128,3200,260,415.25,5.82,5,30,0.4,0.4,5,128,42,"[48, 79, 107, 28, 34, 85, 125, 19, 3, 71, 38, 32, 94, 20, 121, 6, 76, 89, 61, 49, 4, 13, 18, 105, 53, 111, 100, 2, 21, 80, 27, 77, 45, 103, 95, 17, 75, 109, 26, 39, 114, 41, 113, 42, 122, 99, 10, 69, 52, 88, 126, 112, 65, 51, 84, 118, 82, 64, 123, 106, 115, 8, 22, 12, 16, 14, 25, 97, 73, 104, 46, 59, 43, 83, 63, 78, 30, 47, 5, 57, 72, 58, 93, 127, 124, 1, 33, 37, 68, 91, 98, 119, 50, 9, 116, 66, 101, 35, 108, 90, 60, 24, 92, 23, 67, 62, 15, 40, 56, 70, 87, 102, 36, 117, 86, 55, 110, 7, 96, 74, 29, 81, 11, 54, 44, 31, 120, 0]"
Esc128,3300,260,419.16,5.82,5,30,0.4,0.4,5,128,42,"[48, 79, 107, 28, 34, 85, 125, 19, 3, 71, 38, 32, 94, 20, 121, 6, 76, 89, 61, 49, 4, 13, 18, 105, 53, 111, 100, 2, 21, 80, 27, 77, 45, 103, 95, 17, 75, 109, 26, 39, 114, 41, 113, 42, 122, 99, 10, 69, 52, 88, 126, 112, 65, 51, 84, 118, 82, 64, 123, 106, 115, 8, 22, 12, 16, 14, 25, 97, 73, 104, 46, 59, 43, 83, 63, 78, 30, 47, 5, 57, 72, 58, 93, 127, 124, 1, 33, 37, 68, 91, 98, 119, 50, 9, 116, 66, 101, 35, 108, 90, 60, 24, 92, 23, 67, 62, 15, 40, 56, 70, 87, 102, 36, 117, 86, 55, 110, 7, 96, 74, 29, 81, 11, 54, 44, 31, 120, 0]"
Esc128,3400,260,423.03,5.83,5,30,0.4,0.4,5,128,42,"[48, 79, 107, 28, 34, 85, 125, 19, 3, 71, 38, 32, 94, 20, 121, 6, 76, 89, 61, 49, 4, 13, 18, 105, 53, 111, 100, 2, 21, 80, 27, 77, 45, 103, 95, 17, 75, 109, 26, 39, 114, 41, 113, 42, 122, 99, 10, 69, 52, 88, 126, 112, 65, 51, 84, 118, 82, 64, 123, 106, 115, 8, 22, 12, 16, 14, 25, 97, 73, 104, 46, 59, 43, 83, 63, 78, 30, 47, 5, 57, 72, 58, 93, 127, 124, 1, 33, 37, 68, 91, 98, 119, 50, 9, 116, 66, 101, 35, 108, 90, 60, 24, 92, 23, 67, 62, 15, 40, 56, 70, 87, 102, 36, 117, 86, 55, 110, 7, 96, 74, 29, 81, 11, 54, 44, 31, 120, 0]"
Esc128,3500,260,426.9,5.83,5,30,0.4,0.4,5,128,42,"[48, 79, 107, 28, 34, 85, 125, 19, 3, 71, 38, 32, 94, 20, 121, 6, 76, 89, 61, 49, 4, 13, 18, 105, 53, 111, 100, 2, 21, 80, 27, 77, 45, 103, 95, 17, 75, 109, 26, 39, 114, 41, 113, 42, 122, 99, 10, 69, 52, 88, 126, 112, 65, 51, 84, 118, 82, 64, 123, 106, 115, 8, 22, 12, 16, 14, 25, 97, 73, 104, 46, 59, 43, 83, 63, 78, 30, 47, 5, 57, 72, 58, 93, 127, 124, 1, 33, 37, 68, 91, 98, 119, 50, 9, 116, 66, 101, 35, 108, 90, 60, 24, 92, 23, 67, 62, 15, 40, 56, 70, 87, 102, 36, 117, 86, 55, 110, 7, 96, 74, 29, 81, 11, 54, 44, 31, 120, 0]"
Esc128,3600,260,430.75,5.84,5,30,0.4,0.4,5,128,42,"[48, 79, 107, 28, 34, 85, 125, 19, 3, 71, 38, 32, 94, 20, 121, 6, 76, 89, 61, 49, 4, 13, 18, 105, 53, 111, 100, 2, 21, 80, 27, 77, 45, 103, 95, 17, 75, 109, 26, 39, 114, 41, 113, 42, 122, 99, 10, 69, 52, 88, 126, 112, 65, 51, 84, 118, 82, 64, 123, 106, 115, 8, 22, 12, 16, 14, 25, 97, 73, 104, 46, 59, 43, 83, 63, 78, 30, 47, 5, 57, 72, 58, 93, 127, 124, 1, 33, 37, 68, 91, 98, 119, 50, 9, 116, 66, 101, 35, 108, 90, 60, 24, 92, 23, 67, 62, 15, 40, 56, 70, 87, 102, 36, 117, 86, 55, 110, 7, 96, 74, 29, 81, 11, 54, 44, 31, 120, 0]"
Esc128,3700,260,434.59,5.84,5,30,0.4,0.4,5,128,42,"[48, 79, 107, 28, 34, 85, 125, 19, 3, 71, 38, 32, 94, 20, 121, 6, 76, 89, 61, 49, 4, 13, 18, 105, 53, 111, 100, 2, 21, 80, 27, 77, 45, 103, 95, 17, 75, 109, 26, 39, 114, 41, 113, 42, 122, 99, 10, 69, 52, 88, 126, 112, 65, 51, 84, 118, 82, 64, 123, 106, 115, 8, 22, 12, 16, 14, 25, 97, 73, 104, 46, 59, 43, 83, 63, 78, 30, 47, 5, 57, 72, 58, 93, 127, 124, 1, 33, 37, 68, 91, 98, 119, 50, 9, 116, 66, 101, 35, 108, 90, 60, 24, 92, 23, 67, 62, 15, 40, 56, 70, 87, 102, 36, 117, 86, 55, 110, 7, 96, 74, 29, 81, 11, 54, 44, 31, 120, 0]"
Esc128,3800,260,438.49,5.84,5,30,0.4,0.4,5,128,42,"[48, 79, 107, 28, 34, 85, 125, 19, 3, 71, 38, 32, 94, 20, 121, 6, 76, 89, 61, 49, 4, 13, 18, 105, 53, 111, 100, 2, 21, 80, 27, 77, 45, 103, 95, 17, 75, 109, 26, 39, 114, 41, 113, 42, 122, 99, 10, 69, 52, 88, 126, 112, 65, 51, 84, 118, 82, 64, 123, 106, 115, 8, 22, 12, 16, 14, 25, 97, 73, 104, 46, 59, 43, 83, 63, 78, 30, 47, 5, 57, 72, 58, 93, 127, 124, 1, 33, 37, 68, 91, 98, 119, 50, 9, 116, 66, 101, 35, 108, 90, 60, 24, 92, 23, 67, 62, 15, 40, 56, 70, 87, 102, 36, 117, 86, 55, 110, 7, 96, 74, 29, 81, 11, 54, 44, 31, 120, 0]"
Esc128,3900,260,442.6,5.84,5,30,0.4,0.4,5,128,42,"[48, 79, 107, 28, 34, 85, 125, 19, 3, 71, 38, 32, 94, 20, 121, 6, 76, 89, 61, 49, 4, 13, 18, 105, 53, 111, 100, 2, 21, 80, 27, 77, 45, 103, 95, 17, 75, 109, 26, 39, 114, 41, 113, 42, 122, 99, 10, 69, 52, 88, 126, 112, 65, 51, 84, 118, 82, 64, 123, 106, 115, 8, 22, 12, 16, 14, 25, 97, 73, 104, 46, 59, 43, 83, 63, 78, 30, 47, 5, 57, 72, 58, 93, 127, 124, 1, 33, 37, 68, 91, 98, 119, 50, 9, 116, 66, 101, 35, 108, 90, 60, 24, 92, 23, 67, 62, 15, 40, 56, 70, 87, 102, 36, 117, 86, 55, 110, 7, 96, 74, 29, 81, 11, 54, 44, 31, 120, 0]"
Esc128,4000,238,446.78,5.84,5,30,0.4,0.4,5,128,42,"[15, 45, 56, 32, 5, 50, 120, 80, 73, 109, 75, 11, 43, 115, 99, 119, 118, 127, 86, 112, 84, 123, 61, 24, 108, 6, 37, 29, 3, 38, 8, 98, 79, 18, 63, 60, 96, 89, 62, 21, 35, 25, 12, 57, 47, 117, 113, 83, 126, 90, 101, 30, 65, 85, 125, 78, 66, 54, 81, 87, 102, 1, 72, 76, 23, 92, 2, 122, 28, 82, 88, 64, 69, 53, 36, 14, 105, 42, 100, 124, 22, 111, 16, 114, 71, 27, 49, 67, 17, 70, 103, 20, 26, 91, 104, 93, 33, 94, 7, 77, 68, 58, 121, 31, 59, 13, 95, 19, 97, 44, 48, 4, 51, 52, 74, 46, 116, 106, 39, 40, 107, 10, 55, 34, 9, 110, 41, 0]"
Esc128,4100,238,450.98,5.84,5,30,0.4,0.4,5,128,42,"[15, 45, 56, 32, 5, 50, 120, 80, 73, 109, 75, 11, 43, 115, 99, 119, 118, 127, 86, 112, 84, 123, 61, 24, 108, 6, 37, 29, 3, 38, 8, 98, 79, 18, 63, 60, 96, 89, 62, 21, 35, 25, 12, 57, 47, 117, 113, 83, 126, 90, 101, 30, 65, 85, 125, 78, 66, 54, 81, 87, 102, 1, 72, 76, 23, 92, 2, 122, 28, 82, 88, 64, 69, 53, 36, 14, 105, 42, 100, 124, 22, 111, 16, 114, 71, 27, 49, 67, 17, 70, 103, 20, 26, 91, 104, 93, 33, 94, 7, 77, 68, 58, 121, 31, 59, 13, 95, 19, 97, 44, 48, 4, 51, 52, 74, 46, 116, 106, 39, 40, 107, 10, 55, 34, 9, 110, 41, 0]"
Esc128,4200,238,455.14,5.84,5,30,0.4,0.4,5,128,42,"[15, 45, 56, 32, 5, 50, 120, 80, 73, 109, 75, 11, 43, 115, 99, 119, 118, 127, 86, 112, 84, 123, 61, 24, 108, 6, 37, 29, 3, 38, 8, 98, 79, 18, 63, 60, 96, 89, 62, 21, 35, 25, 12, 57, 47, 117, 113, 83, 126, 90, 101, 30, 65, 85, 125, 78, 66, 54, 81, 87, 102, 1, 72, 76, 23, 92, 2, 122, 28, 82, 88, 64, 69, 53, 36, 14, 105, 42, 100, 124, 22, 111, 16, 114, 71, 27, 49, 67, 17, 70, 103, 20, 26, 91, 104, 93, 33, 94, 7, 77, 68, 58, 121, 31, 59, 13, 95, 19, 97, 44, 48, 4, 51, 52, 74, 46, 116, 106, 39, 40, 107, 10, 55, 34, 9, 110, 41, 0]"
Esc128,4300,238,459.4,6.6,5,30,0.4,0.4,5,128,42,"[15, 45, 56, 32, 5, 50, 120, 80, 73, 109, 75, 11, 43, 115, 99, 119, 118, 127, 86, 112, 84, 123, 61, 24, 108, 6, 37, 29, 3, 38, 8, 98, 79, 18, 63, 60, 96, 89, 62, 21, 35, 25, 12, 57, 47, 117, 113, 83, 126, 90, 101, 30, 65, 85, 125, 78, 66, 54, 81, 87, 102, 1, 72, 76, 23, 92, 2, 122, 28, 82, 88, 64, 69, 53, 36, 14, 105, 42, 100, 124, 22, 111, 16, 114, 71, 27, 49, 67, 17, 70, 103, 20, 26, 91, 104, 93, 33, 94, 7, 77, 68, 58, 121, 31, 59, 13, 95, 19, 97, 44, 48, 4, 51, 52, 74, 46, 116, 106, 39, 40, 107, 10, 55, 34, 9, 110, 41, 0]"
Esc128,4400,238,463.01,6.61,5,30,0.4,0.4,5,128,42,"[15, 45, 56, 32, 5, 50, 120, 80, 73, 109, 75, 11, 43, 115, 99, 119, 118, 127, 86, 112, 84, 123, 61, 24, 108, 6, 37, 29, 3, 38, 8, 98, 79, 18, 63, 60, 96, 89, 62, 21, 35, 25, 12, 57, 47, 117, 113, 83, 126, 90, 101, 30, 65, 85, 125, 78, 66, 54, 81, 87, 102, 1, 72, 76, 23, 92, 2, 122, 28, 82, 88, 64, 69, 53, 36, 14, 105, 42, 100, 124, 22, 111, 16, 114, 71, 27, 49, 67, 17, 70, 103, 20, 26, 91, 104, 93, 33, 94, 7, 77, 68, 58, 121, 31, 59, 13, 95, 19, 97, 44, 48, 4, 51, 52, 74, 46, 116, 106, 39, 40, 107, 10, 55, 34, 9, 110, 41, 0]"
Esc128,4500,238,467.05,6.61,5,30,0.4,0.4,5,128,42,"[15, 45, 56, 32, 5, 50, 120, 80, 73, 109, 75, 11, 43, 115, 99, 119, 118, 127, 86, 112, 84, 123, 61, 24, 108, 6, 37, 29, 3, 38, 8, 98, 79, 18, 63, 60, 96, 89, 62, 21, 35, 25, 12, 57, 47, 117, 113, 83, 126, 90, 101, 30, 65, 85, 125, 78, 66, 54, 81, 87, 102, 1, 72, 76, 23, 92, 2, 122, 28, 82, 88, 64, 69, 53, 36, 14, 105, 42, 100, 124, 22, 111, 16, 114, 71, 27, 49, 67, 17, 70, 103, 20, 26, 91, 104, 93, 33, 94, 7, 77, 68, 58, 121, 31, 59, 13, 95, 19, 97, 44, 48, 4, 51, 52, 74, 46, 116, 106, 39, 40, 107, 10, 55, 34, 9, 110, 41, 0]"
Esc128,4600,236,471.12,6.61,5,30,0.4,0.4,5,128,42,"[86, 1, 46, 63, 74, 3, 68, 25, 116, 106, 105, 91, 55, 22, 58, 78, 13, 118, 92, 99, 76, 16, 60, 0, 110, 126, 125, 18, 39, 64, 5, 12, 113, 53, 57, 65, 108, 122, 36, 43, 66, 59, 9, 107, 72, 10, 47, 41, 37, 117, 54, 6, 40, 114, 52, 30, 109, 100, 32, 11, 111, 49, 2, 61, 23, 75, 102, 84, 94, 14, 80, 101, 70, 7, 81, 35, 73, 17, 89, 71, 69, 62, 44, 124, 67, 21, 79, 28, 121, 83, 98, 27, 127, 77, 93, 38, 4, 33, 20, 26, 82, 50, 42, 31, 95, 120, 90, 56, 103, 85, 87, 29, 112, 104, 51, 24, 8, 15, 119, 48, 45, 97, 123, 88, 96, 19, 34, 115]"
Esc128,4700,236,474.97,6.61,5,30,0.4,0.4,5,128,42,"[86, 1, 46, 63, 74, 3, 68, 25, 116, 106, 105, 91, 55, 22, 58, 78, 13, 118, 92, 99, 76, 16, 60, 0, 110, 126, 125, 18, 39, 64, 5, 12, 113, 53, 57, 65, 108, 122, 36, 43, 66, 59, 9, 107, 72, 10, 47, 41, 37, 117, 54, 6, 40, 114, 52, 30, 109, 100, 32, 11, 111, 49, 2, 61, 23, 75, 102, 84, 94, 14, 80, 101, 70, 7, 81, 35, 73, 17, 89, 71, 69, 62, 44, 124, 67, 21, 79, 28, 121, 83, 98, 27, 127, 77, 93, 38, 4, 33, 20, 26, 82, 50, 42, 31, 95, 120, 90, 56, 103, 85, 87, 29, 112, 104, 51, 24, 8, 15, 119, 48, 45, 97, 123, 88, 96, 19, 34, 115]"
Esc128,4800,236,478.66,6.62,5,30,0.4,0.4,5,128,42,"[86, 1, 46, 63, 74, 3, 68, 25, 116, 106, 105, 91, 55, 22, 58, 78, 13, 118, 92, 99, 76, 16, 60, 0, 110, 126, 125, 18, 39, 64, 5, 12, 113, 53, 57, 65, 108, 122, 36, 43, 66, 59, 9, 107, 72, 10, 47, 41, 37, 117, 54, 6, 40, 114, 52, 30, 109, 100, 32, 11, 111, 49, 2, 61, 23, 75, 102, 84, 94, 14, 80, 101, 70, 7, 81, 35, 73, 17, 89, 71, 69, 62, 44, 124, 67, 21, 79, 28, 121, 83, 98, 27, 127, 77, 93, 38, 4, 33, 20, 26, 82, 50, 42, 31, 95, 120, 90, 56, 103, 85, 87, 29, 112, 104, 51, 24, 8, 15, 119, 48, 45, 97, 123, 88, 96, 19, 34, 115]"
Esc128,4900,228,482.58,6.62,5,30,0.4,0.4,5,128,42,"[127, 12, 117, 24, 0, 73, 50, 122, 96, 118, 17, 64, 54, 113, 111, 34, 86, 16, 67, 115, 70, 49, 88, 9, 57, 82, 47, 2, 25, 112, 62, 46, 40, 52, 38, 45, 61, 8, 3, 108, 72, 5, 102, 14, 59, 92, 101, 53, 85, 68, 63, 116, 29, 114, 19, 43, 22, 121, 97, 4, 106, 39, 55, 48, 51, 75, 6, 41, 94, 7, 13, 35, 77, 78, 81, 32, 89, 119, 79, 71, 107, 36, 93, 124, 105, 66, 104, 28, 126, 58, 95, 10, 91, 109, 23, 99, 30, 18, 60, 83, 69, 90, 1, 120, 80, 20, 31, 42, 27, 44, 74, 11, 37, 87, 103, 33, 110, 56, 125, 123, 84, 26, 21, 76, 65, 15, 100, 98]"
Esc128,5000,228,486.43,6.62,5,30,0.4,0.4,5,128,42,"[127, 12, 117, 24, 0, 73, 50, 122, 96, 118, 17, 64, 54, 113, 111, 34, 86, 16, 67, 115, 70, 49, 88, 9, 57, 82, 47, 2, 25, 112, 62, 46, 40, 52, 38, 45, 61, 8, 3, 108, 72, 5, 102, 14, 59, 92, 101, 53, 85, 68, 63, 116, 29, 114, 19, 43, 22, 121, 97, 4, 106, 39, 55, 48, 51, 75, 6, 41, 94, 7, 13, 35, 77, 78, 81, 32, 89, 119, 79, 71, 107, 36, 93, 124, 105, 66, 104, 28, 126, 58, 95, 10, 91, 109, 23, 99, 30, 18, 60, 83, 69, 90, 1, 120, 80, 20, 31, 42, 27, 44, 74, 11, 37, 87, 103, 33, 110, 56, 125, 123, 84, 26, 21, 76, 65, 15, 100, 98]"
Esc128,5100,210,489.7,6.62,5,30,0.4,0.4,5,128,42,"[127, 105, 92, 99, 74, 102, 50, 29, 62, 40, 32, 53, 3, 54, 80, 48, 16, 42, 95, 58, 123, 49, 30, 22, 19, 20, 115, 6, 25, 114, 56, 46, 64, 55, 90, 12, 86, 27, 4, 33, 125, 9, 21, 14, 119, 87, 101, 118, 79, 109, 100, 69, 112, 28, 45, 111, 57, 17, 116, 31, 122, 0, 91, 70, 96, 77, 97, 44, 121, 65, 13, 51, 73, 41, 81, 83, 89, 63, 71, 75, 7, 24, 88, 76, 67, 18, 35, 98, 93, 47, 5, 15, 117, 38, 43, 108, 60, 8, 106, 120, 82, 23, 72, 36, 85, 107, 66, 103, 94, 11, 26, 1, 34, 110, 59, 37, 126, 52, 78, 68, 104, 39, 10, 124, 61, 84, 113, 2]"
Esc128,5200,210,492.99,6.62,5,30,0.4,0.4,5,128,42,"[127, 105, 92, 99, 74, 102, 50, 29, 62, 40, 32, 53, 3, 54, 80, 48, 16, 42, 95, 58, 123, 49, 30, 22, 19, 20, 115, 6, 25, 114, 56, 46, 64, 55, 90, 12, 86, 27, 4, 33, 125, 9, 21, 14, 119, 87, 101, 118, 79, 109, 100, 69, 112, 28, 45, 111, 57, 17, 116, 31, 122, 0, 91, 70, 96, 77, 97, 44, 121, 65, 13, 51, 73, 41, 81, 83, 89, 63, 71, 75, 7, 24, 88, 76, 67, 18, 35, 98, 93, 47, 5, 15, 117, 38, 43, 108, 60, 8, 106, 120, 82, 23, 72, 36, 85, 107, 66, 103, 94, 11, 26, 1, 34, 110, 59, 37, 126, 52, 78, 68, 104, 39, 10, 124, 61, 84, 113, 2]"
Esc128,5300,186,497.03,6.62,5,30,0.4,0.4,5,128,42,"[85, 86, 13, 48, 74, 102, 121, 54, 78, 116, 1, 44, 3, 8, 103, 49, 50, 93, 6, 29, 113, 18, 55, 33, 10, 110, 126, 16, 111, 114, 28, 53, 24, 30, 94, 12, 32, 27, 69, 22, 47, 15, 79, 14, 68, 23, 99, 41, 46, 58, 100, 40, 112, 104, 45, 127, 91, 17, 61, 36, 39, 0, 43, 2, 109, 77, 88, 117, 5, 65, 97, 95, 73, 56, 81, 83, 89, 66, 71, 75, 7, 125, 9, 21, 57, 108, 35, 98, 11, 115, 31, 70, 101, 38, 64, 42, 62, 118, 4, 87, 106, 123, 72, 52, 51, 96, 92, 105, 25, 90, 26, 67, 34, 122, 59, 37, 107, 76, 82, 80, 60, 19, 84, 124, 119, 120, 63, 20]"
Esc128,5400,174,500.77,6.63,5,30,0.4,0.4,5,128,42,"[109, 86, 13, 72, 102, 55, 88, 54, 104, 113, 61, 93, 3, 107, 92, 122, 42, 115, 6, 121, 83, 39, 85, 29, 10, 110, 126, 100, 111, 30, 94, 8, 24, 32, 28, 11, 38, 27, 108, 2, 47, 67, 79, 31, 22, 23, 99, 41, 46, 62, 16, 43, 112, 124, 45, 123, 127, 40, 58, 26, 52, 125, 87, 101, 37, 77, 17, 117, 5, 103, 97, 82, 73, 9, 81, 4, 89, 96, 71, 75, 7, 0, 56, 78, 21, 69, 35, 98, 12, 1, 48, 70, 49, 114, 65, 53, 57, 18, 64, 95, 19, 106, 14, 15, 51, 66, 116, 105, 25, 120, 36, 90, 34, 60, 59, 91, 44, 76, 50, 80, 118, 33, 84, 68, 119, 74, 63, 20]"
Esc128,5500,174,504.72,6.63,5,30,0.4,0.4,5,128,42,"[109, 86, 13, 72, 102, 55, 88, 54, 104, 113, 61, 93, 3, 107, 92, 122, 42, 115, 6, 121, 83, 39, 85, 29, 10, 110, 126, 100, 111, 30, 94, 8, 24, 32, 28, 11, 38, 27, 108, 2, 47, 67, 79, 31, 22, 23, 99, 41, 46, 62, 16, 43, 112, 124, 45, 123, 127, 40, 58, 26, 52, 125, 87, 101, 37, 77, 17, 117, 5, 103, 97, 82, 73, 9, 81, 4, 89, 96, 71, 75, 7, 0, 56, 78, 21, 69, 35, 98, 12, 1, 48, 70, 49, 114, 65, 53, 57, 18, 64, 95, 19, 106, 14, 15, 51, 66, 116, 105, 25, 120, 36, 90, 34, 60, 59, 91, 44, 76, 50, 80, 118, 33, 84, 68, 119, 74, 63, 20]"
Esc128,5600,174,508.79,6.63,5,30,0.4,0.4,5,128,42,"[109, 86, 13, 72, 102, 55, 88, 54, 104, 113, 61, 93, 3, 107, 92, 122, 42, 115, 6, 121, 83, 39, 85, 29, 10, 110, 126, 100, 111, 30, 94, 8, 24, 32, 28, 11, 38, 27, 108, 2, 47, 67, 79, 31, 22, 23, 99, 41, 46, 62, 16, 43, 112, 124, 45, 123, 127, 40, 58, 26, 52, 125, 87, 101, 37, 77, 17, 117, 5, 103, 97, 82, 73, 9, 81, 4, 89, 96, 71, 75, 7, 0, 56, 78, 21, 69, 35, 98, 12, 1, 48, 70, 49, 114, 65, 53, 57, 18, 64, 95, 19, 106, 14, 15, 51, 66, 116, 105, 25, 120, 36, 90, 34, 60, 59, 91, 44, 76, 50, 80, 118, 33, 84, 68, 119, 74, 63, 20]"
Esc128,5700,166,512.65,6.63,5,30,0.4,0.4,5,128,42,"[59, 42, 110, 24, 102, 21, 17, 25, 118, 113, 93, 36, 29, 22, 76, 23, 78, 1, 81, 91, 124, 28, 58, 49, 0, 74, 120, 100, 18, 88, 94, 57, 79, 61, 90, 77, 123, 103, 30, 7, 85, 73, 72, 12, 119, 101, 99, 121, 8, 62, 109, 116, 96, 5, 11, 106, 69, 56, 16, 15, 83, 44, 95, 64, 126, 70, 27, 117, 3, 14, 75, 40, 97, 86, 6, 46, 66, 39, 71, 67, 20, 41, 107, 47, 80, 43, 34, 98, 82, 84, 10, 108, 125, 114, 32, 45, 48, 4, 2, 63, 19, 9, 26, 13, 115, 122, 92, 127, 105, 52, 60, 111, 37, 112, 54, 87, 53, 65, 50, 55, 38, 68, 31, 89, 35, 104, 33, 51]"
Esc128,5800,150,516.4,6.65,5,30,0.4,0.4,5,128,42,"[59, 26, 42, 16, 36, 101, 111, 25, 125, 118, 93, 62, 29, 53, 112, 23, 32, 38, 94, 28, 74, 55, 58, 119, 18, 88, 117, 44, 35, 122, 103, 24, 75, 4, 47, 77, 17, 91, 107, 7, 115, 73, 72, 12, 49, 116, 99, 102, 8, 76, 109, 43, 96, 0, 39, 21, 69, 92, 120, 15, 81, 100, 41, 97, 126, 70, 65, 11, 3, 105, 79, 40, 87, 86, 6, 46, 66, 83, 71, 67, 20, 57, 50, 123, 80, 30, 34, 98, 127, 84, 10, 108, 113, 114, 121, 45, 48, 31, 2, 63, 19, 9, 124, 52, 89, 78, 110, 61, 14, 13, 60, 90, 37, 64, 54, 5, 56, 27, 95, 82, 1, 68, 85, 22, 106, 104, 33, 51]"
Esc128,5900,150,520.46,6.65,5,30,0.4,0.4,5,128,42,"[59, 26, 42, 16, 36, 101, 111, 25, 125, 118, 93, 62, 29, 53, 112, 23, 32, 38, 94, 28, 74, 55, 58, 119, 18, 88, 117, 44, 35, 122, 103, 24, 75, 4, 47, 77, 17, 91, 107, 7, 115, 73, 72, 12, 49, 116, 99, 102, 8, 76, 109, 43, 96, 0, 39, 21, 69, 92, 120, 15, 81, 100, 41, 97, 126, 70, 65, 11, 3, 105, 79, 40, 87, 86, 6, 46, 66, 83, 71, 67, 20, 57, 50, 123, 80, 30, 34, 98, 127, 84, 10, 108, 113, 114, 121, 45, 48, 31, 2, 63, 19, 9, 124, 52, 89, 78, 110, 61, 14, 13, 60, 90, 37, 64, 54, 5, 56, 27, 95, 82, 1, 68, 85, 22, 106, 104, 33, 51]"
Esc128,6000,150,524.03,6.65,5,30,0.4,0.4,5,128,42,"[59, 26, 42, 16, 36, 101, 111, 25, 125, 118, 93, 62, 29, 53, 112, 23, 32, 38, 94, 28, 74, 55, 58, 119, 18, 88, 117, 44, 35, 122, 103, 24, 75, 4, 47, 77, 17, 91, 107, 7, 115, 73, 72, 12, 49, 116, 99, 102, 8, 76, 109, 43, 96, 0, 39, 21, 69, 92, 120, 15, 81, 100, 41, 97, 126, 70, 65, 11, 3, 105, 79, 40, 87, 86, 6, 46, 66, 83, 71, 67, 20, 57, 50, 123, 80, 30, 34, 98, 127, 84, 10, 108, 113, 114, 121, 45, 48, 31, 2, 63, 19, 9, 124, 52, 89, 78, 110, 61, 14, 13, 60, 90, 37, 64, 54, 5, 56, 27, 95, 82, 1, 68, 85, 22, 106, 104, 33, 51]"
Esc128,6100,150,527.6,6.65,5,30,0.4,0.4,5,128,42,"[59, 26, 42, 16, 36, 101, 111, 25, 125, 118, 93, 62, 29, 53, 112, 23, 32, 38, 94, 28, 74, 55, 58, 119, 18, 88, 117, 44, 35, 122, 103, 24, 75, 4, 47, 77, 17, 91, 107, 7, 115, 73, 72, 12, 49, 116, 99, 102, 8, 76, 109, 43, 96, 0, 39, 21, 69, 92, 120, 15, 81, 100, 41, 97, 126, 70, 65, 11, 3, 105, 79, 40, 87, 86, 6, 46, 66, 83, 71, 67, 20, 57, 50, 123, 80, 30, 34, 98, 127, 84, 10, 108, 113, 114, 121, 45, 48, 31, 2, 63, 19, 9, 124, 52, 89, 78, 110, 61, 14, 13, 60, 90, 37, 64, 54, 5, 56, 27, 95, 82, 1, 68, 85, 22, 106, 104, 33, 51]"
Esc128,6200,144,531.48,6.65,5,30,0.4,0.4,5,128,42,"[86, 99, 18, 108, 36, 46, 111, 56, 76, 118, 34, 68, 83, 2, 121, 51, 3, 97, 38, 93, 81, 13, 115, 79, 48, 88, 106, 33, 53, 116, 15, 29, 127, 117, 47, 75, 39, 43, 12, 77, 19, 73, 64, 60, 103, 9, 42, 74, 8, 1, 122, 102, 62, 110, 54, 4, 65, 107, 58, 21, 63, 100, 123, 112, 11, 70, 105, 125, 78, 14, 6, 82, 87, 72, 94, 89, 66, 80, 71, 67, 22, 59, 126, 96, 20, 49, 50, 98, 24, 40, 101, 124, 32, 114, 7, 41, 55, 91, 113, 17, 30, 119, 0, 95, 45, 92, 52, 44, 27, 57, 35, 69, 37, 23, 26, 120, 84, 109, 31, 10, 16, 61, 5, 25, 104, 90, 85, 28]"
Esc128,6300,144,535.5,6.65,5,30,0.4,0.4,5,128,42,"[86, 99, 18, 108, 36, 46, 111, 56, 76, 118, 34, 68, 83, 2, 121, 51, 3, 97, 38, 93, 81, 13, 115, 79, 48, 88, 106, 33, 53, 116, 15, 29, 127, 117, 47, 75, 39, 43, 12, 77, 19, 73, 64, 60, 103, 9, 42, 74, 8, 1, 122, 102, 62, 110, 54, 4, 65, 107, 58, 21, 63, 100, 123, 112, 11, 70, 105, 125, 78, 14, 6, 82, 87, 72, 94, 89, 66, 80, 71, 67, 22, 59, 126, 96, 20, 49, 50, 98, 24, 40, 101, 124, 32, 114, 7, 41, 55, 91, 113, 17, 30, 119, 0, 95, 45, 92, 52, 44, 27, 57, 35, 69, 37, 23, 26, 120, 84, 109, 31, 10, 16, 61, 5, 25, 104, 90, 85, 28]"
Esc128,6400,140,539.3,6.65,5,30,0.4,0.4,5,128,42,"[120, 104, 58, 109, 63, 19, 20, 54, 24, 33, 108, 28, 113, 27, 49, 18, 44, 17, 84, 40, 81, 92, 83, 79, 25, 110, 107, 34, 105, 7, 15, 21, 31, 112, 47, 75, 95, 119, 60, 68, 48, 73, 64, 30, 77, 39, 42, 74, 126, 93, 106, 103, 98, 1, 80, 97, 46, 52, 86, 116, 76, 100, 8, 117, 26, 70, 89, 59, 78, 85, 6, 82, 87, 13, 94, 12, 66, 51, 71, 67, 22, 9, 55, 121, 127, 0, 62, 114, 45, 56, 57, 16, 61, 50, 2, 41, 72, 90, 23, 37, 36, 115, 53, 99, 32, 69, 10, 43, 3, 91, 102, 88, 35, 14, 122, 38, 65, 29, 124, 96, 101, 125, 5, 4, 123, 118, 111, 11]"
Esc128,6500,128,543.08,6.66,5,30,0.4,0.4,5,128,42,"[120, 24, 58, 32, 63, 13, 4, 76, 126, 1, 108, 99, 113, 27, 111, 91, 83, 8, 84, 14, 55, 92, 116, 79, 25, 110, 107, 34, 105, 7, 15, 65, 31, 112, 95, 75, 3, 119, 60, 68, 48, 73, 64, 44, 20, 104, 42, 74, 39, 93, 106, 125, 98, 127, 80, 97, 43, 52, 87, 30, 81, 53, 17, 117, 5, 70, 89, 47, 78, 85, 6, 82, 86, 124, 94, 12, 66, 56, 71, 67, 22, 9, 54, 46, 33, 0, 62, 114, 45, 51, 57, 16, 37, 50, 40, 41, 72, 90, 23, 61, 122, 115, 100, 28, 123, 69, 10, 109, 121, 18, 102, 88, 35, 118, 36, 96, 38, 29, 2, 21, 101, 103, 26, 77, 19, 59, 49, 11]"
Esc128,6600,128,546.96,6.66,5,30,0.4,0.4,5,128,42,"[120, 24, 58, 32, 63, 13, 4, 76, 126, 1, 108, 99, 113, 27, 111, 91, 83, 8, 84, 14, 55, 92, 116, 79, 25, 110, 107, 34, 105, 7, 15, 65, 31, 112, 95, 75, 3, 119, 60, 68, 48, 73, 64, 44, 20, 104, 42, 74, 39, 93, 106, 125, 98, 127, 80, 97, 43, 52, 87, 30, 81, 53, 17, 117, 5, 70, 89, 47, 78, 85, 6, 82, 86, 124, 94, 12, 66, 56, 71, 67, 22, 9, 54, 46, 33, 0, 62, 114, 45, 51, 57, 16, 37, 50, 40, 41, 72, 90, 23, 61, 122, 115, 100, 28, 123, 69, 10, 109, 121, 18, 102, 88, 35, 118, 36, 96, 38, 29, 2, 21, 101, 103, 26, 77, 19, 59, 49, 11]"
Esc128,100,270,551.05,7.11,5,30,0.4,0.4,5,128,42,"[94, 36, 16, 39, 73, 85, 18, 54, 76, 125, 102, 15, 101, 12, 108, 8, 121, 11, 23, 112, 109, 126, 81, 92, 9, 37, 10, 40, 42, 96, 63, 58, 103, 66, 17, 88, 5, 90, 26, 123, 79, 120, 104, 19, 72, 6, 52, 82, 117, 30, 71, 115, 34, 69, 55, 99, 41, 65, 48, 95, 100, 122, 28, 45, 74, 127, 98, 87, 25, 53, 27, 2, 113, 110, 91, 77, 119, 13, 7, 1, 60, 21, 56, 97, 24, 83, 57, 47, 38, 78, 44, 22, 86, 61, 4, 33, 68, 3, 14, 0, 116, 51, 35, 49, 46, 84, 75, 43, 80, 67, 114, 89, 93, 59, 118, 50, 111, 32, 124, 106, 29, 105, 31, 20, 70, 64, 107, 62]"
Esc128,200,270,554.76,7.11,5,30,0.4,0.4,5,128,42,"[94, 36, 16, 39, 73, 85, 18, 54, 76, 125, 102, 15, 101, 12, 108, 8, 121, 11, 23, 112, 109, 126, 81, 92, 9, 37, 10, 40, 42, 96, 63, 58, 103, 66, 17, 88, 5, 90, 26, 123, 79, 120, 104, 19, 72, 6, 52, 82, 117, 30, 71, 115, 34, 69, 55, 99, 41, 65, 48, 95, 100, 122, 28, 45, 74, 127, 98, 87, 25, 53, 27, 2, 113, 110, 91, 77, 119, 13, 7, 1, 60, 21, 56, 97, 24, 83, 57, 47, 38, 78, 44, 22, 86, 61, 4, 33, 68, 3, 14, 0, 116, 51, 35, 49, 46, 84, 75, 43, 80, 67, 114, 89, 93, 59, 118, 50, 111, 32, 124, 106, 29, 105, 31, 20, 70, 64, 107, 62]"
Esc128,300,270,558.36,7.11,5,30,0.4,0.4,5,128,42,"[94, 36, 16, 39, 73, 85, 18, 54, 76, 125, 102, 15, 101, 12, 108, 8, 121, 11, 23, 112, 109, 126, 81, 92, 9, 37, 10, 40, 42, 96, 63, 58, 103, 66, 17, 88, 5, 90, 26, 123, 79, 120, 104, 19, 72, 6, 52, 82, 117, 30, 71, 115, 34, 69, 55, 99, 41, 65, 48, 95, 100, 122, 28, 45, 74, 127, 98, 87, 25, 53, 27, 2, 113, 110, 91, 77, 119, 13, 7, 1, 60, 21, 56, 97, 24, 83, 57, 47, 38, 78, 44, 22, 86, 61, 4, 33, 68, 3, 14, 0, 116, 51, 35, 49, 46, 84, 75, 43, 80, 67, 114, 89, 93, 59, 118, 50, 111, 32, 124, 106, 29, 105, 31, 20, 70, 64, 107, 62]"
Esc128,400,270,562.72,7.12,5,30,0.4,0.4,5,128,42,"[94, 36, 16, 39, 73, 85, 18, 54, 76, 125, 102, 15, 101, 12, 108, 8, 121, 11, 23, 112, 109, 126, 81, 92, 9, 37, 10, 40, 42, 96, 63, 58, 103, 66, 17, 88, 5, 90, 26, 123, 79, 120, 104, 19, 72, 6, 52, 82, 117, 30, 71, 115, 34, 69, 55, 99, 41, 65, 48, 95, 100, 122, 28, 45, 74, 127, 98, 87, 25, 53, 27, 2, 113, 110, 91, 77, 119, 13, 7, 1, 60, 21, 56, 97, 24, 83, 57, 47, 38, 78, 44, 22, 86, 61, 4, 33, 68, 3, 14, 0, 116, 51, 35, 49, 46, 84, 75, 43, 80, 67, 114, 89, 93, 59, 118, 50, 111, 32, 124, 106, 29, 105, 31, 20, 70, 64, 107, 62]"
Esc128,500,256,566.67,7.12,5,30,0.4,0.4,5,128,42,"[105, 98, 14, 61, 51, 4, 127, 46, 107, 50, 82, 76, 93, 91, 24, 85, 9, 25, 121, 92, 68, 117, 96, 104, 5, 20, 11, 54, 41, 55, 119, 3, 116, 30, 126, 118, 69, 84, 27, 89, 35, 112, 8, 101, 2, 99, 87, 114, 17, 53, 32, 90, 18, 38, 63, 6, 115, 73, 31, 88, 67, 56, 47, 124, 13, 60, 44, 40, 75, 39, 125, 113, 42, 110, 94, 66, 103, 12, 7, 10, 15, 49, 33, 64, 58, 43, 95, 19, 45, 109, 0, 57, 65, 23, 120, 1, 100, 29, 36, 48, 59, 52, 22, 80, 34, 111, 81, 97, 72, 74, 37, 108, 122, 77, 70, 86, 79, 78, 21, 106, 123, 16, 71, 26, 28, 83, 62, 102]"
Esc128,600,256,570.3,7.12,5,30,0.4,0.4,5,128,42,"[105, 98, 14, 61, 51, 4, 127, 46, 107, 50, 82, 76, 93, 91, 24, 85, 9, 25, 121, 92, 68, 117, 96, 104, 5, 20, 11, 54, 41, 55, 119, 3, 116, 30, 126, 118, 69, 84, 27, 89, 35, 112, 8, 101, 2, 99, 87, 114, 17, 53, 32, 90, 18, 38, 63, 6, 115, 73, 31, 88, 67, 56, 47, 124, 13, 60, 44, 40, 75, 39, 125, 113, 42, 110, 94, 66, 103, 12, 7, 10, 15, 49, 33, 64, 58, 43, 95, 19, 45, 109, 0, 57, 65, 23, 120, 1, 100, 29, 36, 48, 59, 52, 22, 80, 34, 111, 81, 97, 72, 74, 37, 108, 122, 77, 70, 86, 79, 78, 21, 106, 123, 16, 71, 26, 28, 83, 62, 102]"
Esc128,700,256,573.91,7.12,5,30,0.4,0.4,5,128,42,"[105, 98, 14, 61, 51, 4, 127, 46, 107, 50, 82, 76, 93, 91, 24, 85, 9, 25, 121, 92, 68, 117, 96, 104, 5, 20, 11, 54, 41, 55, 119, 3, 116, 30, 126, 118, 69, 84, 27, 89, 35, 112, 8, 101, 2, 99, 87, 114, 17, 53, 32, 90, 18, 38, 63, 6, 115, 73, 31, 88, 67, 56, 47, 124, 13, 60, 44, 40, 75, 39, 125, 113, 42, 110, 94, 66, 103, 12, 7, 10, 15, 49, 33, 64, 58, 43, 95, 19, 45, 109, 0, 57, 65, 23, 120, 1, 100, 29, 36, 48, 59, 52, 22, 80, 34, 111, 81, 97, 72, 74, 37, 108, 122, 77, 70, 86, 79, 78, 21, 106, 123, 16, 71, 26, 28, 83, 62, 102]"
Esc128,800,256,577.09,7.12,5,30,0.4,0.4,5,128,42,"[105, 98, 14, 61, 51, 4, 127, 46, 107, 50, 82, 76, 93, 91, 24, 85, 9, 25, 121, 92, 68, 117, 96, 104, 5, 20, 11, 54, 41, 55, 119, 3, 116, 30, 126, 118, 69, 84, 27, 89, 35, 112, 8, 101, 2, 99, 87, 114, 17, 53, 32, 90, 18, 38, 63, 6, 115, 73, 31, 88, 67, 56, 47, 124, 13, 60, 44, 40, 75, 39, 125, 113, 42, 110, 94, 66, 103, 12, 7, 10, 15, 49, 33, 64, 58, 43, 95, 19, 45, 109, 0, 57, 65, 23, 120, 1, 100, 29, 36, 48, 59, 52, 22, 80, 34, 111, 81, 97, 72, 74, 37, 108, 122, 77, 70, 86, 79, 78, 21, 106, 123, 16, 71, 26, 28, 83, 62, 102]"
Esc128,900,256,580.73,7.12,5,30,0.4,0.4,5,128,42,"[105, 98, 14, 61, 51, 4, 127, 46, 107, 50, 82, 76, 93, 91, 24, 85, 9, 25, 121, 92, 68, 117, 96, 104, 5, 20, 11, 54, 41, 55, 119, 3, 116, 30, 126, 118, 69, 84, 27, 89, 35, 112, 8, 101, 2, 99, 87, 114, 17, 53, 32, 90, 18, 38, 63, 6, 115, 73, 31, 88, 67, 56, 47, 124, 13, 60, 44, 40, 75, 39, 125, 113, 42, 110, 94, 66, 103, 12, 7, 10, 15, 49, 33, 64, 58, 43, 95, 19, 45, 109, 0, 57, 65, 23, 120, 1, 100, 29, 36, 48, 59, 52, 22, 80, 34, 111, 81, 97, 72, 74, 37, 108, 122, 77, 70, 86, 79, 78, 21, 106, 123, 16, 71, 26, 28, 83, 62, 102]"
Esc128,1000,256,583.94,7.12,5,30,0.4,0.4,5,128,42,"[105, 98, 14, 61, 51, 4, 127, 46, 107, 50, 82, 76, 93, 91, 24, 85, 9, 25, 121, 92, 68, 117, 96, 104, 5, 20, 11, 54, 41, 55, 119, 3, 116, 30, 126, 118, 69, 84, 27, 89, 35, 112, 8, 101, 2, 99, 87, 114, 17, 53, 32, 90, 18, 38, 63, 6, 115, 73, 31, 88, 67, 56, 47, 124, 13, 60, 44, 40, 75, 39, 125, 113, 42, 110, 94, 66, 103, 12, 7, 10, 15, 49, 33, 64, 58, 43, 95, 19, 45, 109, 0, 57, 65, 23, 120, 1, 100, 29, 36, 48, 59, 52, 22, 80, 34, 111, 81, 97, 72, 74, 37, 108, 122, 77, 70, 86, 79, 78, 21, 106, 123, 16, 71, 26, 28, 83, 62, 102]"
Esc128,1100,256,587.38,7.12,5,30,0.4,0.4,5,128,42,"[105, 98, 14, 61, 51, 4, 127, 46, 107, 50, 82, 76, 93, 91, 24, 85, 9, 25, 121, 92, 68, 117, 96, 104, 5, 20, 11, 54, 41, 55, 119, 3, 116, 30, 126, 118, 69, 84, 27, 89, 35, 112, 8, 101, 2, 99, 87, 114, 17, 53, 32, 90, 18, 38, 63, 6, 115, 73, 31, 88, 67, 56, 47, 124, 13, 60, 44, 40, 75, 39, 125, 113, 42, 110, 94, 66, 103, 12, 7, 10, 15, 49, 33, 64, 58, 43, 95, 19, 45, 109, 0, 57, 65, 23, 120, 1, 100, 29, 36, 48, 59, 52, 22, 80, 34, 111, 81, 97, 72, 74, 37, 108, 122, 77, 70, 86, 79, 78, 21, 106, 123, 16, 71, 26, 28, 83, 62, 102]"
Esc128,1200,256,591.08,7.45,5,30,0.4,0.4,5,128,42,"[105, 98, 14, 61, 51, 4, 127, 46, 107, 50, 82, 76, 93, 91, 24, 85, 9, 25, 121, 92, 68, 117, 96, 104, 5, 20, 11, 54, 41, 55, 119, 3, 116, 30, 126, 118, 69, 84, 27, 89, 35, 112, 8, 101, 2, 99, 87, 114, 17, 53, 32, 90, 18, 38, 63, 6, 115, 73, 31, 88, 67, 56, 47, 124, 13, 60, 44, 40, 75, 39, 125, 113, 42, 110, 94, 66, 103, 12, 7, 10, 15, 49, 33, 64, 58, 43, 95, 19, 45, 109, 0, 57, 65, 23, 120, 1, 100, 29, 36, 48, 59, 52, 22, 80, 34, 111, 81, 97, 72, 74, 37, 108, 122, 77, 70, 86, 79, 78, 21, 106, 123, 16, 71, 26, 28, 83, 62, 102]"
Esc128,1300,256,595.42,7.45,5,30,0.4,0.4,5,128,42,"[105, 98, 14, 61, 51, 4, 127, 46, 107, 50, 82, 76, 93, 91, 24, 85, 9, 25, 121, 92, 68, 117, 96, 104, 5, 20, 11, 54, 41, 55, 119, 3, 116, 30, 126, 118, 69, 84, 27, 89, 35, 112, 8, 101, 2, 99, 87, 114, 17, 53, 32, 90, 18, 38, 63, 6, 115, 73, 31, 88, 67, 56, 47, 124, 13, 60, 44, 40, 75, 39, 125, 113, 42, 110, 94, 66, 103, 12, 7, 10, 15, 49, 33, 64, 58, 43, 95, 19, 45, 109, 0, 57, 65, 23, 120, 1, 100, 29, 36, 48, 59, 52, 22, 80, 34, 111, 81, 97, 72, 74, 37, 108, 122, 77, 70, 86, 79, 78, 21, 106, 123, 16, 71, 26, 28, 83, 62, 102]"
Esc128,1400,256,599.88,7.45,5,30,0.4,0.4,5,128,42,"[105, 98, 14, 61, 51, 4, 127, 46, 107, 50, 82, 76, 93, 91, 24, 85, 9, 25, 121, 92, 68, 117, 96, 104, 5, 20, 11, 54, 41, 55, 119, 3, 116, 30, 126, 118, 69, 84, 27, 89, 35, 112, 8, 101, 2, 99, 87, 114, 17, 53, 32, 90, 18, 38, 63, 6, 115, 73, 31, 88, 67, 56, 47, 124, 13, 60, 44, 40, 75, 39, 125, 113, 42, 110, 94, 66, 103, 12, 7, 10, 15, 49, 33, 64, 58, 43, 95, 19, 45, 109, 0, 57, 65, 23, 120, 1, 100, 29, 36, 48, 59, 52, 22, 80, 34, 111, 81, 97, 72, 74, 37, 108, 122, 77, 70, 86, 79, 78, 21, 106, 123, 16, 71, 26, 28, 83, 62, 102]"
