Tho150,100,9332994,7.66,19.67,5,30,0.4,0.4,5,150,42,"[19, 125, 17, 126, 99, 14, 119, 104, 63, 141, 143, 29, 101, 5, 136, 51, 78, 28, 65, 146, 87, 13, 82, 107, 57, 93, 16, 92, 94, 81, 98, 144, 12, 134, 149, 105, 139, 49, 55, 32, 22, 6, 43, 135, 100, 120, 75, 68, 74, 90, 79, 102, 27, 26, 85, 4, 44, 53, 47, 60, 64, 117, 110, 69, 137, 103, 18, 123, 54, 128, 45, 23, 40, 71, 73, 1, 97, 77, 138, 30, 67, 121, 114, 56, 109, 108, 3, 72, 80, 133, 31, 142, 52, 0, 95, 37, 130, 83, 111, 86, 122, 36, 147, 15, 76, 127, 11, 148, 24, 41, 34, 113, 8, 132, 140, 20, 39, 2, 59, 106, 96, 33, 46, 66, 38, 62, 112, 129, 35, 50, 58, 91, 7, 118, 61, 84, 89, 48, 70, 9, 21, 124, 145, 88, 25, 131, 10, 116, 42, 115]"
Tho150,200,9218464,13.0,19.68,5,30,0.4,0.4,5,150,42,"[19, 125, 17, 126, 99, 14, 119, 104, 63, 141, 143, 29, 78, 5, 136, 37, 101, 93, 103, 118, 49, 13, 82, 95, 57, 51, 16, 92, 94, 81, 98, 144, 11, 22, 149, 28, 139, 38, 55, 32, 134, 6, 43, 135, 80, 120, 75, 68, 74, 15, 79, 102, 27, 26, 85, 4, 44, 53, 47, 60, 64, 117, 83, 111, 137, 65, 18, 142, 54, 128, 45, 108, 40, 71, 73, 1, 97, 77, 138, 30, 67, 121, 114, 56, 109, 23, 3, 72, 100, 133, 31, 123, 52, 0, 107, 105, 130, 7, 69, 86, 122, 50, 147, 90, 76, 127, 12, 148, 41, 24, 34, 113, 8, 132, 140, 20, 39, 2, 116, 106, 96, 33, 46, 66, 87, 62, 112, 129, 35, 146, 58, 91, 131, 36, 61, 84, 89, 145, 70, 9, 21, 124, 48, 88, 25, 110, 10, 59, 42, 115]"
Tho150,300,9112482,18.28,19.39,5,30,0.4,0.4,5,150,42,"[19, 125, 17, 1, 99, 14, 119, 104, 63, 141, 143, 146, 78, 5, 136, 37, 101, 93, 103, 88, 49, 13, 82, 95, 57, 51, 105, 92, 94, 81, 98, 144, 11, 22, 75, 77, 139, 38, 55, 32, 47, 6, 43, 102, 80, 120, 149, 68, 112, 15, 79, 135, 27, 26, 85, 4, 44, 53, 134, 114, 64, 117, 111, 83, 137, 65, 18, 142, 56, 128, 54, 108, 2, 71, 73, 126, 148, 28, 138, 70, 67, 24, 60, 45, 109, 23, 3, 72, 100, 133, 74, 90, 52, 0, 107, 40, 130, 7, 69, 86, 122, 50, 123, 147, 106, 127, 87, 97, 34, 121, 41, 113, 8, 132, 140, 20, 39, 16, 116, 76, 96, 33, 46, 66, 12, 62, 31, 129, 35, 29, 58, 91, 131, 36, 61, 84, 89, 145, 30, 9, 21, 124, 48, 118, 25, 110, 10, 59, 42, 115]"
Tho150,400,9050298,23.63,20.05,5,30,0.4,0.4,5,150,42,"[19, 125, 17, 1, 99, 14, 119, 85, 26, 141, 143, 146, 78, 5, 136, 37, 101, 127, 103, 88, 49, 57, 32, 95, 82, 51, 105, 92, 94, 81, 98, 144, 11, 22, 75, 77, 139, 38, 55, 13, 47, 6, 43, 102, 80, 120, 149, 34, 112, 15, 79, 135, 27, 63, 104, 4, 44, 53, 134, 71, 64, 0, 93, 83, 137, 65, 18, 110, 56, 128, 54, 108, 2, 114, 73, 126, 148, 28, 138, 131, 67, 24, 60, 45, 109, 23, 3, 72, 100, 133, 74, 111, 52, 90, 107, 40, 130, 7, 118, 86, 122, 50, 123, 147, 106, 117, 87, 97, 68, 121, 41, 113, 8, 132, 140, 29, 39, 42, 116, 76, 96, 33, 35, 66, 46, 70, 31, 129, 12, 20, 58, 91, 62, 36, 61, 84, 89, 145, 30, 9, 21, 124, 48, 69, 25, 142, 10, 59, 16, 115]"
Tho150,500,8994558,28.96,20.05,5,30,0.4,0.4,5,150,42,"[19, 125, 17, 1, 99, 106, 119, 51, 26, 141, 143, 146, 78, 5, 136, 37, 101, 13, 103, 88, 49, 57, 32, 95, 82, 85, 105, 92, 94, 81, 98, 144, 11, 22, 45, 77, 139, 38, 55, 127, 47, 6, 43, 102, 80, 120, 118, 34, 112, 15, 130, 135, 27, 71, 73, 4, 44, 53, 134, 63, 64, 0, 93, 83, 137, 65, 18, 110, 56, 128, 54, 108, 2, 114, 104, 126, 148, 28, 90, 131, 67, 129, 60, 75, 109, 23, 3, 72, 100, 133, 74, 111, 52, 138, 107, 40, 50, 7, 79, 86, 122, 24, 123, 147, 14, 117, 87, 30, 68, 121, 41, 113, 8, 132, 70, 29, 39, 42, 116, 76, 96, 33, 35, 66, 46, 140, 31, 149, 12, 20, 58, 91, 62, 36, 61, 84, 89, 145, 97, 9, 21, 124, 48, 69, 25, 142, 10, 59, 16, 115]"
Tho150,600,8953682,33.93,20.05,5,30,0.4,0.4,5,150,42,"[19, 125, 17, 1, 99, 49, 119, 51, 26, 141, 143, 146, 78, 5, 136, 37, 101, 13, 103, 88, 106, 57, 32, 95, 82, 85, 105, 71, 94, 81, 98, 144, 11, 22, 130, 77, 139, 38, 55, 56, 73, 6, 43, 102, 80, 120, 118, 34, 112, 15, 45, 135, 27, 92, 47, 4, 44, 53, 134, 63, 64, 0, 93, 83, 137, 65, 18, 110, 79, 128, 54, 108, 2, 133, 24, 126, 148, 46, 90, 131, 140, 129, 60, 75, 109, 23, 3, 72, 100, 114, 74, 28, 52, 138, 107, 40, 50, 7, 127, 86, 122, 42, 123, 147, 14, 117, 87, 30, 68, 12, 41, 113, 8, 132, 70, 29, 39, 104, 116, 76, 96, 33, 35, 66, 111, 31, 67, 149, 121, 20, 58, 91, 62, 36, 61, 84, 89, 145, 97, 9, 21, 124, 48, 69, 25, 142, 10, 59, 16, 115]"
Tho150,700,8876550,39.18,20.05,5,30,0.4,0.4,5,150,42,"[19, 125, 17, 22, 99, 49, 119, 51, 26, 134, 44, 146, 78, 5, 136, 37, 101, 129, 103, 88, 106, 57, 32, 95, 73, 92, 105, 94, 71, 81, 98, 144, 11, 40, 130, 77, 139, 38, 4, 56, 82, 6, 85, 102, 80, 120, 118, 34, 112, 15, 45, 128, 27, 43, 47, 55, 143, 53, 141, 63, 64, 0, 12, 83, 137, 65, 50, 110, 79, 135, 54, 108, 2, 133, 24, 126, 148, 46, 90, 131, 140, 13, 60, 75, 109, 23, 3, 72, 100, 114, 1, 28, 52, 138, 107, 74, 18, 7, 127, 86, 67, 39, 61, 147, 14, 117, 87, 30, 89, 93, 41, 113, 8, 132, 62, 29, 42, 116, 104, 76, 96, 33, 35, 66, 145, 31, 122, 149, 121, 20, 58, 91, 70, 36, 123, 84, 68, 111, 97, 9, 21, 124, 48, 69, 25, 142, 10, 59, 16, 115]"
Tho150,800,8861446,44.5,20.05,5,30,0.4,0.4,5,150,42,"[19, 125, 17, 22, 99, 49, 129, 51, 26, 134, 44, 146, 78, 5, 136, 37, 101, 119, 103, 88, 106, 57, 32, 95, 73, 92, 105, 56, 71, 81, 98, 144, 11, 40, 130, 77, 139, 149, 4, 94, 82, 6, 85, 102, 80, 34, 87, 120, 112, 15, 45, 128, 27, 43, 23, 55, 143, 53, 141, 63, 64, 107, 12, 83, 137, 65, 50, 110, 79, 135, 54, 39, 2, 133, 24, 126, 148, 46, 90, 131, 140, 13, 60, 75, 109, 47, 3, 72, 100, 114, 1, 28, 52, 138, 0, 74, 18, 7, 127, 86, 67, 108, 61, 147, 14, 117, 118, 30, 89, 93, 41, 113, 8, 132, 62, 29, 42, 116, 104, 76, 96, 33, 35, 66, 145, 31, 122, 38, 121, 20, 58, 91, 70, 36, 123, 84, 68, 111, 97, 9, 21, 124, 48, 69, 142, 25, 10, 59, 16, 115]"
Tho150,900,8851952,49.64,20.06,5,30,0.4,0.4,5,150,42,"[19, 64, 17, 22, 99, 49, 75, 51, 26, 134, 44, 146, 78, 5, 136, 37, 101, 119, 103, 88, 106, 57, 32, 95, 73, 92, 105, 56, 71, 81, 98, 144, 11, 40, 130, 77, 139, 149, 4, 94, 82, 6, 85, 102, 80, 34, 87, 120, 112, 15, 128, 45, 27, 43, 23, 55, 143, 53, 141, 63, 125, 107, 12, 83, 137, 65, 50, 110, 79, 135, 54, 39, 2, 133, 24, 126, 148, 46, 90, 131, 140, 13, 60, 113, 109, 47, 3, 72, 100, 114, 1, 28, 52, 138, 0, 74, 18, 7, 127, 86, 67, 108, 61, 147, 14, 117, 118, 30, 89, 93, 41, 129, 8, 132, 62, 29, 42, 116, 104, 76, 96, 33, 35, 66, 145, 31, 122, 38, 121, 20, 58, 91, 70, 36, 123, 84, 68, 111, 97, 9, 21, 124, 48, 69, 142, 25, 10, 59, 16, 115]"
Tho150,1000,8810918,54.61,20.06,5,30,0.4,0.4,5,150,42,"[19, 64, 17, 22, 99, 49, 75, 51, 26, 134, 44, 146, 78, 5, 136, 37, 101, 119, 103, 88, 106, 57, 32, 95, 73, 92, 105, 56, 71, 81, 98, 144, 11, 40, 130, 27, 139, 149, 4, 94, 82, 6, 85, 102, 80, 34, 87, 120, 112, 15, 128, 45, 77, 129, 23, 55, 143, 53, 141, 63, 125, 107, 12, 83, 137, 65, 50, 140, 79, 135, 54, 39, 2, 133, 24, 126, 148, 46, 93, 131, 110, 41, 60, 113, 109, 47, 3, 72, 100, 114, 1, 28, 52, 138, 0, 74, 18, 7, 127, 29, 67, 108, 61, 147, 14, 117, 118, 30, 8, 90, 13, 43, 89, 121, 62, 86, 42, 116, 104, 76, 96, 33, 35, 66, 145, 31, 122, 38, 132, 20, 58, 91, 70, 36, 123, 84, 68, 111, 124, 9, 21, 97, 48, 69, 142, 25, 10, 59, 16, 115]"
Tho150,1100,8793660,59.47,20.06,5,30,0.4,0.4,5,150,42,"[19, 64, 17, 22, 99, 49, 75, 51, 26, 134, 95, 146, 78, 5, 136, 37, 101, 119, 103, 88, 106, 57, 32, 44, 73, 92, 105, 56, 71, 81, 98, 144, 11, 43, 130, 27, 139, 149, 4, 94, 128, 6, 85, 102, 80, 34, 87, 120, 112, 15, 82, 45, 77, 129, 23, 55, 143, 53, 141, 63, 125, 107, 12, 83, 137, 65, 50, 140, 79, 135, 54, 39, 2, 133, 24, 126, 148, 46, 93, 131, 110, 41, 60, 113, 109, 47, 3, 72, 100, 114, 1, 28, 52, 138, 40, 74, 18, 7, 127, 29, 67, 108, 61, 147, 14, 117, 118, 30, 8, 90, 13, 0, 89, 121, 62, 86, 42, 116, 104, 76, 96, 33, 35, 66, 145, 21, 122, 38, 132, 20, 58, 91, 70, 36, 123, 84, 68, 111, 124, 9, 31, 97, 48, 69, 142, 25, 10, 59, 16, 115]"
Tho150,1200,8770188,64.36,20.06,5,30,0.4,0.4,5,150,42,"[19, 64, 17, 22, 99, 32, 75, 106, 26, 134, 95, 146, 78, 5, 136, 101, 37, 119, 12, 43, 51, 45, 49, 44, 73, 92, 105, 56, 71, 81, 98, 144, 11, 88, 130, 27, 149, 139, 4, 94, 128, 85, 6, 102, 80, 34, 87, 120, 112, 15, 82, 57, 77, 129, 23, 55, 143, 53, 141, 63, 125, 107, 103, 83, 137, 65, 50, 140, 79, 135, 54, 39, 2, 133, 24, 126, 148, 46, 93, 131, 110, 41, 60, 113, 109, 91, 3, 72, 100, 114, 1, 28, 52, 138, 40, 74, 18, 7, 127, 29, 67, 108, 61, 147, 14, 118, 117, 30, 8, 90, 13, 0, 89, 121, 62, 86, 42, 116, 104, 76, 96, 33, 35, 66, 145, 21, 122, 38, 132, 20, 58, 47, 70, 10, 123, 84, 68, 111, 124, 9, 31, 97, 48, 69, 142, 25, 36, 59, 16, 115]"
Tho150,1300,8769912,69.03,20.06,5,30,0.4,0.4,5,150,42,"[19, 64, 17, 22, 99, 32, 75, 106, 26, 134, 95, 146, 78, 5, 136, 101, 37, 119, 12, 43, 51, 45, 49, 44, 73, 92, 105, 56, 71, 81, 98, 144, 11, 88, 130, 27, 149, 139, 4, 94, 128, 85, 6, 102, 80, 34, 87, 120, 112, 15, 82, 57, 77, 129, 23, 55, 143, 53, 141, 63, 125, 107, 103, 83, 137, 65, 50, 140, 79, 135, 54, 39, 2, 133, 24, 126, 148, 46, 93, 131, 110, 41, 60, 113, 109, 91, 3, 72, 100, 114, 1, 28, 52, 138, 40, 74, 18, 7, 127, 29, 67, 108, 61, 147, 14, 118, 117, 30, 20, 90, 13, 0, 89, 121, 62, 86, 42, 116, 104, 76, 96, 33, 35, 66, 145, 21, 122, 38, 132, 142, 58, 47, 70, 10, 123, 84, 68, 111, 124, 9, 31, 97, 48, 69, 8, 25, 36, 59, 16, 115]"
Tho150,1400,8754948,73.89,20.06,5,30,0.4,0.4,5,150,42,"[19, 64, 17, 22, 99, 32, 75, 106, 92, 134, 95, 78, 146, 5, 136, 101, 37, 119, 12, 43, 51, 103, 49, 44, 73, 26, 105, 56, 71, 81, 98, 144, 11, 88, 130, 27, 149, 139, 4, 94, 128, 20, 6, 102, 80, 34, 87, 120, 112, 15, 82, 57, 77, 129, 54, 55, 143, 53, 141, 63, 125, 107, 45, 83, 137, 65, 50, 140, 79, 135, 23, 39, 2, 133, 24, 126, 148, 46, 93, 131, 110, 41, 60, 113, 109, 91, 3, 72, 100, 114, 96, 28, 52, 138, 40, 74, 18, 7, 42, 29, 67, 108, 61, 147, 14, 118, 117, 30, 85, 90, 13, 0, 89, 121, 62, 86, 127, 116, 104, 76, 1, 33, 35, 66, 145, 21, 122, 38, 132, 142, 58, 47, 70, 10, 123, 84, 68, 111, 124, 9, 31, 97, 48, 69, 8, 25, 36, 59, 16, 115]"
Tho150,1500,8736164,78.75,20.06,5,30,0.4,0.4,5,150,42,"[19, 64, 17, 107, 99, 32, 75, 106, 92, 134, 95, 78, 146, 24, 136, 101, 37, 119, 12, 43, 51, 103, 49, 44, 73, 26, 105, 56, 71, 81, 98, 144, 11, 88, 130, 27, 149, 139, 4, 94, 128, 20, 6, 102, 80, 33, 87, 120, 112, 15, 45, 57, 77, 129, 54, 55, 143, 53, 67, 63, 125, 22, 82, 83, 137, 65, 50, 140, 79, 135, 23, 39, 2, 133, 5, 126, 148, 46, 93, 131, 110, 41, 60, 113, 109, 91, 3, 72, 100, 114, 96, 28, 52, 138, 40, 74, 18, 7, 42, 29, 141, 108, 61, 147, 14, 118, 117, 1, 85, 90, 13, 0, 89, 121, 62, 86, 127, 116, 104, 76, 30, 34, 35, 66, 145, 21, 122, 38, 132, 142, 58, 47, 70, 10, 123, 84, 68, 111, 124, 9, 31, 97, 48, 69, 8, 25, 36, 59, 16, 115]"
Tho150,1600,8719856,83.91,20.06,5,30,0.4,0.4,5,150,42,"[19, 64, 17, 107, 99, 32, 75, 106, 92, 134, 95, 78, 146, 24, 136, 101, 37, 119, 12, 43, 51, 103, 49, 44, 73, 26, 105, 56, 71, 81, 98, 144, 11, 88, 130, 27, 149, 139, 4, 94, 128, 20, 6, 102, 80, 33, 46, 120, 112, 131, 45, 57, 77, 129, 54, 55, 143, 53, 67, 63, 125, 22, 82, 83, 50, 65, 137, 140, 79, 135, 23, 39, 2, 133, 5, 126, 30, 87, 93, 15, 110, 41, 60, 113, 109, 91, 3, 72, 100, 114, 96, 28, 52, 138, 40, 74, 38, 7, 122, 29, 141, 108, 61, 147, 14, 118, 117, 1, 0, 90, 13, 85, 89, 121, 62, 86, 127, 116, 104, 76, 148, 34, 35, 66, 145, 21, 42, 18, 132, 142, 58, 47, 70, 10, 123, 84, 68, 111, 124, 9, 31, 97, 48, 69, 8, 25, 36, 59, 16, 115]"
Tho150,1700,8718908,89.3,20.06,5,30,0.4,0.4,5,150,42,"[19, 64, 17, 107, 99, 32, 75, 106, 92, 134, 95, 78, 146, 24, 136, 101, 37, 119, 12, 43, 51, 103, 49, 44, 73, 26, 105, 56, 71, 81, 98, 144, 11, 88, 130, 27, 149, 139, 4, 94, 128, 20, 6, 102, 80, 33, 46, 120, 112, 131, 45, 57, 77, 129, 54, 55, 143, 53, 67, 63, 125, 22, 82, 83, 50, 65, 137, 140, 79, 135, 23, 39, 2, 133, 5, 126, 30, 87, 93, 15, 110, 41, 60, 113, 109, 91, 3, 72, 100, 114, 96, 28, 52, 40, 138, 74, 38, 7, 122, 29, 141, 108, 61, 147, 14, 118, 117, 1, 0, 90, 13, 85, 89, 121, 62, 86, 127, 116, 104, 76, 111, 34, 35, 66, 145, 21, 42, 18, 132, 142, 58, 47, 70, 10, 123, 84, 68, 148, 124, 9, 31, 97, 48, 69, 8, 25, 36, 59, 16, 115]"
Tho150,1800,8714888,94.22,20.06,5,30,0.4,0.4,5,150,42,"[19, 64, 17, 107, 99, 32, 75, 106, 92, 134, 95, 78, 146, 24, 136, 101, 37, 119, 12, 43, 51, 103, 49, 44, 73, 26, 105, 56, 71, 81, 98, 144, 11, 88, 130, 27, 149, 139, 4, 94, 128, 143, 6, 102, 80, 33, 46, 120, 112, 131, 45, 57, 110, 129, 54, 55, 20, 53, 67, 63, 125, 22, 82, 83, 50, 65, 137, 140, 79, 135, 23, 39, 133, 2, 5, 126, 30, 87, 93, 15, 77, 41, 60, 113, 109, 91, 3, 72, 100, 114, 96, 28, 52, 40, 138, 74, 38, 7, 122, 29, 86, 108, 61, 147, 14, 118, 117, 1, 0, 90, 13, 85, 89, 121, 62, 141, 127, 116, 104, 76, 111, 34, 35, 66, 145, 21, 42, 18, 132, 142, 58, 47, 70, 10, 123, 84, 68, 148, 124, 9, 31, 97, 48, 69, 8, 25, 36, 59, 16, 115]"
Tho150,1900,8712858,99.33,20.06,5,30,0.4,0.4,5,150,42,"[19, 64, 17, 107, 99, 32, 75, 106, 92, 134, 95, 78, 146, 24, 136, 101, 37, 119, 12, 43, 51, 103, 49, 44, 139, 26, 105, 56, 71, 81, 98, 144, 11, 88, 130, 27, 149, 73, 4, 94, 128, 143, 6, 102, 80, 33, 46, 120, 112, 131, 45, 57, 110, 129, 54, 55, 20, 53, 67, 63, 125, 22, 82, 83, 50, 65, 137, 29, 79, 135, 23, 39, 133, 2, 5, 126, 30, 87, 93, 15, 77, 41, 60, 113, 109, 91, 3, 72, 100, 114, 96, 28, 52, 40, 138, 74, 38, 7, 122, 140, 86, 108, 61, 147, 14, 118, 117, 1, 0, 90, 13, 85, 89, 121, 62, 141, 127, 116, 104, 76, 111, 34, 35, 66, 145, 21, 42, 31, 132, 142, 58, 47, 70, 10, 123, 84, 68, 148, 124, 9, 18, 97, 48, 69, 8, 25, 36, 59, 16, 115]"
Tho150,2000,8704744,104.3,20.06,5,30,0.4,0.4,5,150,42,"[19, 64, 17, 107, 99, 32, 75, 106, 92, 134, 95, 78, 146, 141, 136, 101, 37, 119, 12, 43, 51, 103, 49, 44, 139, 26, 105, 56, 71, 81, 98, 144, 11, 88, 130, 27, 149, 73, 4, 94, 128, 143, 6, 102, 80, 33, 46, 120, 112, 131, 45, 57, 110, 129, 54, 55, 20, 53, 67, 63, 125, 22, 82, 83, 50, 65, 137, 29, 79, 135, 23, 39, 133, 2, 5, 126, 30, 87, 93, 15, 77, 41, 60, 113, 109, 24, 3, 72, 100, 114, 96, 28, 52, 40, 138, 74, 38, 7, 122, 42, 86, 108, 61, 147, 14, 118, 117, 1, 0, 90, 13, 85, 89, 121, 62, 91, 127, 116, 104, 76, 111, 34, 35, 66, 145, 21, 140, 31, 132, 142, 58, 47, 70, 10, 123, 84, 68, 148, 124, 9, 18, 97, 48, 69, 8, 25, 36, 59, 16, 115]"
Tho150,2100,8688520,109.69,20.06,5,30,0.4,0.4,5,150,42,"[19, 64, 17, 107, 99, 32, 75, 69, 92, 134, 95, 78, 146, 141, 136, 101, 37, 119, 12, 43, 51, 103, 49, 44, 139, 26, 105, 56, 71, 81, 98, 144, 11, 88, 130, 27, 149, 73, 4, 94, 128, 143, 6, 102, 80, 129, 46, 120, 112, 131, 45, 57, 110, 33, 54, 55, 20, 53, 67, 63, 125, 22, 82, 83, 50, 65, 137, 29, 79, 135, 133, 39, 23, 2, 5, 126, 30, 87, 93, 15, 77, 41, 60, 113, 109, 24, 3, 72, 100, 104, 96, 28, 52, 40, 138, 74, 38, 7, 122, 42, 86, 108, 61, 147, 14, 118, 117, 18, 0, 90, 13, 85, 89, 121, 62, 91, 127, 116, 114, 76, 111, 34, 35, 66, 145, 21, 140, 31, 132, 142, 58, 47, 70, 10, 123, 84, 68, 148, 124, 9, 1, 97, 48, 106, 8, 25, 36, 59, 16, 115]"
Tho150,2200,8682132,114.6,20.06,5,30,0.4,0.4,5,150,42,"[19, 64, 17, 107, 99, 32, 75, 69, 92, 134, 95, 78, 146, 141, 136, 101, 37, 119, 12, 43, 51, 103, 49, 44, 139, 26, 105, 56, 71, 81, 98, 144, 11, 88, 130, 65, 149, 73, 4, 94, 128, 143, 6, 102, 80, 129, 46, 120, 112, 57, 45, 131, 110, 33, 54, 55, 20, 53, 67, 63, 125, 22, 82, 83, 50, 27, 137, 29, 79, 135, 133, 39, 23, 2, 5, 126, 30, 87, 93, 15, 77, 41, 60, 113, 109, 24, 3, 72, 100, 104, 96, 28, 52, 40, 138, 74, 38, 7, 122, 42, 86, 108, 61, 147, 14, 118, 117, 18, 0, 90, 13, 85, 89, 121, 62, 91, 127, 25, 114, 76, 111, 34, 35, 66, 145, 21, 140, 31, 132, 142, 58, 47, 70, 10, 123, 84, 68, 148, 124, 9, 1, 97, 48, 106, 8, 116, 36, 59, 16, 115]"
Tho150,2300,8675582,119.7,20.06,5,30,0.4,0.4,5,150,42,"[19, 64, 17, 107, 99, 32, 75, 69, 92, 134, 95, 78, 146, 141, 136, 101, 37, 119, 12, 43, 51, 103, 49, 44, 139, 26, 105, 56, 71, 81, 98, 144, 11, 88, 130, 65, 149, 73, 4, 94, 128, 143, 6, 102, 80, 93, 46, 120, 112, 57, 45, 131, 110, 33, 54, 55, 20, 53, 67, 63, 125, 22, 82, 83, 50, 27, 137, 29, 79, 135, 133, 39, 23, 2, 5, 126, 30, 87, 129, 15, 77, 41, 60, 113, 109, 24, 3, 72, 100, 104, 96, 28, 52, 40, 138, 74, 38, 7, 122, 42, 86, 108, 61, 147, 14, 118, 117, 18, 13, 90, 0, 85, 89, 121, 62, 91, 127, 25, 114, 76, 111, 34, 35, 66, 145, 21, 140, 31, 132, 142, 58, 47, 70, 10, 123, 84, 68, 148, 124, 9, 97, 1, 48, 106, 8, 116, 36, 59, 16, 115]"
Tho150,2400,8659630,124.74,20.06,5,30,0.4,0.4,5,150,42,"[19, 64, 17, 12, 99, 32, 75, 69, 92, 134, 95, 44, 146, 141, 136, 101, 22, 119, 107, 43, 51, 103, 49, 78, 94, 26, 105, 56, 71, 81, 98, 144, 11, 88, 130, 65, 149, 73, 4, 29, 128, 143, 6, 102, 80, 93, 46, 120, 112, 57, 45, 131, 110, 33, 54, 55, 20, 53, 67, 63, 125, 37, 82, 83, 50, 27, 137, 139, 79, 135, 133, 39, 23, 2, 5, 126, 30, 87, 129, 15, 77, 41, 60, 113, 109, 24, 3, 72, 100, 104, 96, 28, 52, 40, 138, 74, 38, 7, 122, 42, 86, 47, 61, 147, 14, 118, 117, 18, 13, 90, 0, 85, 89, 121, 62, 91, 127, 25, 114, 76, 111, 34, 35, 66, 145, 21, 140, 31, 132, 142, 58, 108, 70, 10, 123, 84, 68, 148, 124, 9, 97, 1, 48, 106, 8, 116, 36, 59, 16, 115]"
Tho150,2500,8648802,129.67,20.06,5,30,0.4,0.4,5,150,42,"[19, 64, 17, 12, 99, 32, 75, 69, 92, 134, 95, 44, 146, 141, 136, 101, 22, 119, 107, 43, 51, 103, 49, 78, 94, 26, 105, 56, 71, 81, 98, 144, 11, 88, 130, 65, 149, 73, 4, 29, 128, 143, 6, 102, 80, 93, 46, 120, 112, 57, 45, 131, 110, 33, 54, 55, 20, 53, 67, 63, 125, 37, 82, 83, 50, 27, 137, 139, 79, 135, 133, 39, 23, 2, 5, 126, 30, 87, 129, 15, 77, 41, 60, 113, 109, 24, 3, 72, 100, 104, 96, 28, 52, 40, 138, 74, 38, 7, 122, 42, 86, 47, 61, 147, 14, 118, 117, 18, 13, 90, 0, 85, 89, 121, 62, 91, 127, 25, 115, 76, 111, 66, 35, 34, 145, 21, 140, 31, 132, 142, 70, 108, 58, 10, 123, 84, 68, 148, 124, 9, 97, 1, 48, 106, 8, 116, 36, 59, 16, 114]"
Tho150,2600,8638186,134.58,20.06,5,30,0.4,0.4,5,150,42,"[19, 64, 17, 12, 99, 32, 75, 69, 92, 134, 95, 44, 146, 141, 136, 101, 22, 119, 107, 43, 51, 103, 49, 78, 94, 26, 105, 56, 71, 81, 98, 144, 11, 88, 130, 65, 149, 73, 77, 29, 128, 143, 6, 102, 80, 93, 46, 120, 112, 57, 45, 131, 110, 33, 54, 55, 20, 53, 67, 63, 125, 37, 82, 83, 50, 27, 137, 139, 79, 135, 133, 39, 23, 2, 147, 126, 30, 87, 129, 15, 4, 41, 60, 113, 109, 24, 3, 72, 100, 104, 96, 28, 52, 40, 138, 74, 38, 7, 122, 106, 86, 47, 61, 5, 14, 118, 117, 18, 13, 90, 0, 85, 89, 121, 62, 91, 127, 25, 115, 76, 84, 66, 35, 34, 145, 21, 140, 31, 132, 142, 70, 108, 58, 10, 123, 111, 68, 148, 124, 9, 97, 1, 48, 42, 8, 116, 36, 59, 16, 114]"
Tho150,2700,8633506,139.25,20.06,5,30,0.4,0.4,5,150,42,"[19, 64, 17, 12, 99, 32, 75, 69, 92, 134, 95, 44, 146, 141, 136, 101, 22, 119, 107, 43, 51, 103, 49, 78, 94, 26, 105, 56, 71, 81, 98, 144, 11, 88, 130, 65, 149, 73, 77, 29, 128, 143, 6, 102, 80, 93, 46, 120, 112, 57, 45, 131, 110, 33, 54, 55, 20, 53, 67, 63, 125, 37, 82, 83, 60, 27, 137, 139, 79, 135, 133, 39, 23, 2, 147, 126, 30, 87, 129, 15, 4, 41, 50, 113, 109, 24, 3, 72, 100, 104, 96, 28, 52, 40, 138, 74, 38, 7, 122, 106, 86, 47, 61, 5, 14, 118, 117, 18, 13, 90, 0, 85, 89, 121, 62, 91, 127, 25, 115, 76, 84, 66, 35, 34, 145, 1, 140, 31, 132, 142, 70, 108, 58, 10, 123, 111, 68, 148, 124, 9, 97, 21, 48, 42, 8, 116, 36, 59, 16, 114]"
Tho150,2800,8627112,144.31,20.06,5,30,0.4,0.4,5,150,42,"[19, 64, 17, 12, 99, 32, 75, 69, 92, 134, 95, 44, 146, 141, 136, 101, 22, 119, 43, 107, 51, 103, 49, 78, 94, 26, 105, 56, 71, 81, 98, 144, 11, 88, 130, 65, 149, 73, 77, 29, 128, 143, 6, 102, 80, 93, 46, 120, 112, 57, 45, 131, 110, 33, 54, 55, 20, 53, 67, 63, 125, 37, 82, 83, 60, 27, 137, 139, 79, 135, 133, 39, 23, 2, 147, 126, 30, 87, 129, 15, 4, 41, 50, 113, 109, 24, 3, 72, 100, 104, 96, 28, 52, 40, 138, 74, 38, 7, 122, 106, 86, 47, 61, 5, 14, 118, 117, 18, 13, 90, 0, 127, 89, 121, 62, 91, 85, 25, 115, 76, 84, 66, 35, 34, 145, 1, 140, 31, 132, 142, 70, 108, 58, 10, 123, 111, 68, 148, 124, 9, 97, 21, 48, 42, 8, 116, 36, 59, 16, 114]"
Tho150,2900,8626392,149.17,20.09,5,30,0.4,0.4,5,150,42,"[19, 64, 17, 88, 99, 32, 75, 69, 92, 134, 95, 44, 146, 141, 136, 101, 22, 119, 43, 107, 51, 103, 49, 78, 94, 26, 105, 56, 71, 81, 98, 144, 11, 12, 130, 65, 149, 73, 77, 29, 128, 143, 6, 102, 80, 93, 46, 120, 112, 57, 45, 131, 110, 33, 54, 55, 20, 53, 67, 63, 125, 37, 82, 83, 60, 27, 137, 139, 79, 135, 133, 39, 23, 2, 147, 126, 30, 87, 129, 15, 4, 41, 50, 113, 109, 24, 3, 72, 100, 104, 96, 28, 52, 40, 138, 74, 38, 7, 122, 106, 86, 47, 61, 5, 14, 118, 117, 18, 13, 90, 0, 127, 89, 121, 62, 91, 85, 25, 115, 76, 84, 66, 35, 34, 145, 1, 140, 31, 132, 142, 70, 108, 58, 10, 123, 111, 68, 148, 124, 9, 97, 21, 48, 42, 8, 116, 36, 59, 16, 114]"
Tho150,3000,8622396,154.03,20.09,5,30,0.4,0.4,5,150,42,"[19, 64, 17, 88, 99, 32, 75, 69, 92, 134, 95, 44, 146, 141, 136, 101, 22, 119, 43, 107, 51, 103, 49, 78, 94, 26, 105, 56, 71, 81, 98, 144, 11, 12, 130, 65, 149, 73, 77, 29, 128, 143, 6, 102, 80, 93, 46, 120, 112, 57, 45, 131, 110, 33, 54, 55, 16, 53, 67, 63, 125, 37, 82, 83, 60, 27, 137, 139, 79, 135, 133, 39, 23, 2, 147, 126, 30, 87, 129, 15, 4, 41, 50, 113, 109, 24, 3, 72, 100, 104, 96, 28, 52, 40, 138, 74, 38, 7, 122, 106, 86, 47, 61, 5, 14, 118, 117, 18, 13, 90, 0, 116, 89, 121, 62, 91, 85, 25, 115, 76, 84, 66, 35, 34, 145, 1, 140, 31, 132, 142, 70, 108, 58, 10, 123, 111, 68, 148, 124, 9, 97, 21, 48, 42, 8, 127, 36, 59, 20, 114]"
Tho150,3100,8622396,159.26,20.09,5,30,0.4,0.4,5,150,42,"[19, 64, 17, 88, 99, 32, 75, 69, 92, 134, 95, 44, 146, 141, 136, 101, 22, 119, 43, 107, 51, 103, 49, 78, 94, 26, 105, 56, 71, 81, 98, 144, 11, 12, 130, 65, 149, 73, 77, 29, 128, 143, 6, 102, 80, 93, 46, 120, 112, 57, 45, 131, 110, 33, 54, 55, 16, 53, 67, 63, 125, 37, 82, 83, 60, 27, 137, 139, 79, 135, 133, 39, 23, 2, 147, 126, 30, 87, 129, 15, 4, 41, 50, 113, 109, 24, 3, 72, 100, 104, 96, 28, 52, 40, 138, 74, 38, 7, 122, 106, 86, 47, 61, 5, 14, 118, 117, 18, 13, 90, 0, 116, 89, 121, 62, 91, 85, 25, 115, 76, 84, 66, 35, 34, 145, 1, 140, 31, 132, 142, 70, 108, 58, 10, 123, 111, 68, 148, 124, 9, 97, 21, 48, 42, 8, 127, 36, 59, 20, 114]"
Tho150,3200,8618684,164.14,20.09,5,30,0.4,0.4,5,150,42,"[19, 64, 17, 88, 99, 32, 75, 69, 92, 134, 95, 44, 146, 141, 136, 101, 22, 119, 43, 107, 51, 103, 49, 78, 94, 26, 105, 56, 71, 81, 98, 144, 11, 12, 130, 65, 149, 73, 77, 29, 128, 143, 6, 102, 80, 93, 46, 120, 112, 57, 45, 131, 110, 33, 54, 55, 16, 53, 67, 63, 125, 37, 82, 83, 60, 27, 137, 139, 79, 135, 133, 39, 23, 2, 147, 126, 30, 87, 129, 15, 4, 41, 50, 113, 100, 24, 3, 72, 109, 104, 96, 28, 52, 40, 138, 74, 38, 7, 122, 106, 86, 47, 61, 5, 14, 118, 35, 18, 13, 90, 0, 116, 89, 121, 62, 91, 85, 25, 115, 76, 84, 66, 117, 34, 145, 1, 140, 31, 132, 142, 70, 108, 58, 10, 123, 111, 68, 148, 124, 9, 97, 21, 48, 42, 8, 127, 36, 59, 20, 114]"
Tho150,3300,8602410,169.02,20.09,5,30,0.4,0.4,5,150,42,"[19, 64, 17, 75, 99, 32, 88, 69, 92, 134, 95, 67, 146, 141, 136, 101, 22, 119, 43, 73, 51, 103, 49, 78, 94, 26, 105, 56, 71, 81, 98, 144, 11, 12, 130, 45, 149, 107, 77, 29, 128, 143, 6, 102, 80, 93, 46, 120, 112, 57, 65, 131, 110, 33, 54, 55, 16, 53, 63, 44, 125, 37, 82, 83, 60, 27, 137, 139, 79, 135, 133, 39, 23, 2, 147, 126, 30, 87, 129, 15, 4, 41, 40, 113, 100, 24, 3, 72, 109, 104, 96, 28, 52, 5, 138, 74, 38, 7, 122, 106, 86, 47, 61, 50, 14, 118, 66, 18, 13, 90, 0, 116, 89, 121, 62, 91, 85, 25, 115, 76, 84, 35, 117, 34, 145, 1, 140, 31, 132, 142, 70, 108, 58, 10, 123, 111, 68, 148, 124, 9, 97, 21, 48, 42, 8, 127, 36, 59, 20, 114]"
Tho150,3400,8594338,173.88,20.09,5,30,0.4,0.4,5,150,42,"[19, 64, 17, 75, 99, 32, 88, 69, 92, 134, 95, 102, 146, 141, 136, 101, 22, 119, 43, 78, 51, 103, 49, 73, 94, 26, 105, 56, 71, 81, 98, 144, 11, 12, 130, 45, 149, 107, 77, 29, 128, 143, 6, 67, 80, 93, 46, 120, 112, 57, 65, 131, 110, 33, 79, 55, 16, 53, 63, 44, 125, 37, 82, 83, 60, 27, 137, 139, 54, 135, 133, 39, 23, 2, 147, 126, 30, 87, 129, 15, 4, 41, 40, 113, 100, 24, 3, 72, 109, 104, 96, 28, 52, 5, 138, 74, 38, 7, 122, 106, 86, 47, 61, 50, 14, 118, 66, 18, 13, 90, 0, 116, 89, 121, 62, 91, 85, 25, 115, 76, 84, 35, 117, 34, 145, 1, 48, 31, 132, 142, 70, 108, 58, 10, 123, 111, 68, 148, 124, 9, 97, 21, 140, 42, 8, 127, 36, 59, 20, 114]"
Tho150,3500,8592136,178.85,20.09,5,30,0.4,0.4,5,150,42,"[19, 64, 17, 75, 99, 32, 88, 69, 92, 134, 95, 102, 146, 141, 136, 101, 22, 119, 43, 78, 51, 103, 49, 73, 94, 26, 105, 56, 71, 81, 98, 144, 11, 12, 130, 45, 149, 107, 77, 29, 128, 143, 6, 67, 80, 93, 46, 120, 112, 57, 65, 131, 110, 33, 79, 55, 16, 53, 114, 44, 125, 37, 82, 83, 60, 27, 137, 139, 54, 135, 133, 39, 23, 2, 147, 126, 30, 87, 129, 15, 4, 41, 40, 113, 100, 24, 3, 72, 109, 104, 96, 28, 52, 5, 138, 74, 38, 7, 122, 106, 86, 47, 61, 50, 14, 118, 66, 18, 13, 90, 0, 116, 89, 121, 62, 91, 85, 25, 115, 76, 84, 35, 117, 34, 145, 1, 48, 31, 132, 142, 70, 108, 58, 10, 123, 111, 68, 148, 124, 9, 97, 21, 140, 42, 8, 127, 36, 59, 20, 63]"
Tho150,3600,8589552,183.74,20.09,5,30,0.4,0.4,5,150,42,"[19, 64, 17, 75, 99, 32, 88, 69, 92, 134, 95, 102, 146, 141, 136, 101, 22, 119, 43, 78, 51, 103, 49, 73, 94, 26, 105, 56, 71, 81, 98, 144, 11, 12, 130, 45, 149, 107, 77, 29, 128, 143, 6, 67, 80, 93, 46, 120, 112, 57, 65, 131, 110, 33, 79, 55, 44, 53, 114, 16, 125, 37, 82, 83, 60, 27, 137, 139, 54, 135, 133, 39, 23, 2, 147, 126, 30, 87, 129, 40, 4, 41, 15, 113, 100, 24, 3, 72, 109, 104, 96, 28, 52, 5, 138, 74, 38, 7, 122, 106, 86, 47, 61, 50, 14, 118, 66, 18, 13, 90, 0, 116, 89, 121, 62, 91, 85, 25, 115, 76, 84, 35, 117, 34, 145, 1, 48, 31, 132, 142, 70, 108, 58, 10, 123, 111, 68, 148, 124, 9, 97, 21, 140, 42, 8, 127, 36, 59, 20, 63]"
Tho150,3700,8589552,188.72,20.09,5,30,0.4,0.4,5,150,42,"[19, 64, 17, 75, 99, 32, 88, 69, 92, 134, 95, 102, 146, 141, 136, 101, 22, 119, 43, 78, 51, 103, 49, 73, 94, 26, 105, 56, 71, 81, 98, 144, 11, 12, 130, 45, 149, 107, 77, 29, 128, 143, 6, 67, 80, 93, 46, 120, 112, 57, 65, 131, 110, 33, 79, 55, 44, 53, 114, 16, 125, 37, 82, 83, 60, 27, 137, 139, 54, 135, 133, 39, 23, 2, 147, 126, 30, 87, 129, 40, 4, 41, 15, 113, 100, 24, 3, 72, 109, 104, 96, 28, 52, 5, 138, 74, 38, 7, 122, 106, 86, 47, 61, 50, 14, 118, 66, 18, 13, 90, 0, 116, 89, 121, 62, 91, 85, 25, 115, 76, 84, 35, 117, 34, 145, 1, 48, 31, 132, 142, 70, 108, 58, 10, 123, 111, 68, 148, 124, 9, 97, 21, 140, 42, 8, 127, 36, 59, 20, 63]"
Tho150,3800,8583616,193.65,20.09,5,30,0.4,0.4,5,150,42,"[19, 64, 17, 75, 99, 32, 88, 69, 92, 134, 95, 102, 146, 141, 136, 101, 22, 119, 43, 78, 51, 103, 49, 73, 94, 26, 105, 56, 71, 81, 98, 144, 11, 12, 130, 45, 149, 107, 77, 29, 128, 143, 6, 67, 80, 93, 46, 120, 112, 57, 65, 131, 110, 33, 79, 55, 44, 53, 114, 16, 125, 37, 82, 83, 60, 27, 137, 139, 54, 4, 133, 39, 23, 2, 147, 126, 30, 87, 129, 40, 135, 41, 15, 113, 100, 24, 3, 72, 109, 104, 96, 28, 52, 5, 138, 74, 38, 7, 122, 142, 86, 47, 61, 50, 14, 118, 66, 18, 13, 90, 0, 116, 89, 121, 62, 91, 85, 25, 115, 76, 84, 35, 117, 34, 145, 1, 48, 31, 132, 106, 70, 108, 58, 10, 123, 111, 68, 148, 124, 9, 97, 21, 42, 140, 8, 127, 36, 59, 20, 63]"
Tho150,3900,8578878,198.43,20.09,5,30,0.4,0.4,5,150,42,"[19, 64, 17, 75, 99, 32, 88, 69, 92, 134, 95, 102, 146, 141, 136, 101, 22, 119, 43, 78, 51, 103, 49, 110, 94, 26, 105, 56, 71, 81, 98, 144, 11, 12, 73, 45, 149, 107, 77, 44, 6, 143, 128, 67, 80, 93, 46, 120, 112, 57, 65, 131, 130, 33, 79, 55, 100, 53, 114, 16, 125, 37, 82, 83, 60, 27, 137, 139, 54, 4, 133, 39, 23, 2, 147, 126, 30, 87, 129, 40, 135, 41, 15, 113, 29, 24, 3, 72, 109, 104, 96, 28, 52, 5, 138, 74, 38, 7, 122, 142, 86, 47, 61, 50, 14, 118, 66, 18, 13, 90, 0, 116, 89, 121, 62, 91, 85, 25, 115, 76, 84, 35, 117, 34, 145, 1, 48, 31, 132, 106, 70, 108, 58, 10, 123, 111, 68, 148, 124, 9, 97, 21, 42, 140, 8, 127, 36, 59, 20, 63]"
Tho150,4000,8570030,204.13,20.09,5,30,0.4,0.4,5,150,42,"[19, 64, 17, 75, 99, 32, 88, 69, 92, 134, 95, 102, 146, 141, 136, 101, 22, 119, 43, 78, 51, 103, 49, 110, 94, 26, 105, 56, 71, 81, 98, 144, 11, 12, 73, 45, 149, 107, 77, 44, 6, 143, 128, 67, 80, 125, 46, 120, 112, 57, 65, 131, 130, 33, 79, 55, 100, 53, 14, 16, 93, 37, 82, 83, 60, 27, 137, 139, 54, 4, 133, 39, 23, 2, 147, 126, 28, 87, 129, 40, 135, 41, 15, 113, 29, 24, 3, 72, 109, 104, 96, 30, 52, 5, 138, 74, 38, 7, 122, 142, 86, 47, 61, 50, 114, 118, 66, 18, 13, 90, 0, 31, 89, 121, 62, 91, 85, 25, 115, 76, 84, 35, 117, 34, 145, 1, 48, 116, 132, 106, 70, 108, 58, 10, 123, 111, 68, 148, 124, 9, 97, 21, 42, 140, 8, 127, 36, 59, 20, 63]"
Tho150,4100,8566654,209.54,20.09,5,30,0.4,0.4,5,150,42,"[19, 64, 17, 75, 99, 32, 88, 69, 92, 134, 95, 102, 146, 141, 136, 101, 22, 119, 43, 78, 51, 103, 49, 110, 94, 26, 56, 105, 71, 81, 98, 144, 11, 12, 73, 45, 149, 107, 77, 44, 6, 143, 128, 67, 80, 125, 46, 120, 112, 57, 65, 131, 130, 33, 79, 55, 100, 53, 14, 16, 93, 37, 82, 83, 60, 27, 137, 139, 54, 4, 133, 39, 23, 2, 147, 126, 28, 87, 129, 40, 135, 41, 15, 113, 29, 24, 3, 72, 109, 104, 96, 30, 52, 18, 138, 74, 38, 7, 122, 142, 86, 47, 61, 50, 114, 118, 66, 5, 13, 90, 0, 31, 121, 89, 62, 91, 85, 25, 115, 76, 84, 35, 117, 34, 145, 1, 48, 116, 132, 106, 70, 108, 58, 10, 123, 111, 68, 148, 124, 9, 140, 21, 42, 97, 8, 127, 36, 59, 20, 63]"
Tho150,4200,8564218,214.82,20.09,5,30,0.4,0.4,5,150,42,"[19, 64, 17, 75, 99, 32, 88, 69, 92, 134, 95, 102, 146, 141, 136, 101, 22, 119, 43, 78, 51, 103, 49, 110, 94, 26, 56, 105, 71, 81, 98, 144, 11, 12, 73, 45, 149, 107, 77, 44, 6, 143, 128, 67, 80, 125, 46, 120, 112, 57, 65, 131, 130, 33, 79, 55, 100, 53, 14, 16, 93, 37, 82, 83, 60, 41, 137, 139, 29, 4, 133, 39, 23, 2, 147, 126, 28, 87, 129, 40, 135, 27, 15, 113, 54, 24, 3, 72, 109, 104, 96, 30, 52, 18, 138, 74, 38, 7, 122, 142, 86, 47, 61, 50, 114, 118, 66, 5, 13, 90, 0, 31, 121, 89, 62, 91, 85, 25, 115, 76, 84, 35, 117, 34, 145, 1, 48, 140, 132, 106, 70, 108, 58, 10, 123, 111, 68, 148, 124, 9, 116, 21, 42, 97, 8, 127, 36, 63, 20, 59]"
Tho150,4300,8561842,220.31,20.09,5,30,0.4,0.4,5,150,42,"[19, 64, 17, 75, 99, 32, 88, 69, 92, 134, 95, 102, 146, 141, 136, 101, 22, 119, 43, 78, 51, 103, 49, 110, 94, 26, 56, 105, 71, 81, 98, 144, 11, 12, 73, 45, 149, 107, 77, 44, 6, 143, 128, 67, 80, 125, 46, 120, 112, 57, 65, 131, 130, 33, 79, 55, 100, 53, 14, 16, 93, 37, 82, 83, 60, 41, 137, 139, 29, 4, 133, 39, 23, 2, 147, 126, 28, 87, 129, 40, 135, 27, 15, 113, 54, 24, 3, 72, 109, 104, 96, 30, 52, 18, 138, 74, 38, 7, 122, 142, 86, 47, 61, 50, 114, 118, 66, 5, 13, 90, 0, 31, 121, 89, 62, 91, 85, 25, 115, 76, 84, 35, 117, 34, 145, 9, 48, 140, 132, 106, 70, 108, 58, 10, 123, 111, 68, 148, 124, 1, 116, 21, 42, 97, 8, 127, 36, 63, 20, 59]"
Tho150,4400,8555174,225.61,20.09,5,30,0.4,0.4,5,150,42,"[19, 64, 17, 75, 99, 32, 88, 69, 92, 134, 95, 102, 146, 141, 136, 101, 22, 119, 43, 78, 51, 103, 49, 110, 94, 26, 56, 105, 71, 81, 98, 144, 11, 12, 73, 45, 149, 107, 77, 100, 6, 143, 128, 67, 80, 125, 96, 120, 112, 57, 65, 131, 135, 33, 79, 55, 44, 53, 14, 16, 93, 37, 82, 83, 60, 41, 137, 139, 29, 4, 133, 39, 23, 2, 147, 126, 28, 87, 129, 40, 130, 27, 15, 113, 54, 24, 3, 72, 109, 104, 46, 30, 52, 18, 138, 74, 38, 7, 122, 142, 86, 47, 61, 50, 114, 118, 66, 5, 13, 90, 0, 31, 121, 89, 62, 91, 85, 25, 115, 76, 84, 35, 117, 34, 145, 9, 48, 140, 132, 106, 70, 108, 58, 10, 123, 111, 68, 148, 124, 1, 116, 21, 42, 97, 8, 127, 36, 63, 20, 59]"
Tho150,4500,8551230,230.86,20.09,5,30,0.4,0.4,5,150,42,"[19, 64, 17, 75, 99, 32, 88, 69, 92, 134, 95, 102, 146, 141, 136, 101, 22, 119, 43, 78, 51, 103, 49, 110, 94, 26, 56, 105, 71, 81, 98, 144, 120, 12, 73, 45, 149, 107, 77, 100, 6, 143, 128, 67, 80, 125, 96, 11, 129, 57, 65, 131, 135, 33, 79, 55, 44, 53, 14, 16, 93, 37, 82, 83, 60, 41, 137, 139, 47, 4, 133, 39, 23, 2, 147, 126, 28, 87, 112, 40, 130, 27, 15, 113, 54, 24, 3, 76, 109, 104, 46, 30, 52, 18, 138, 74, 38, 7, 122, 142, 86, 29, 61, 50, 114, 118, 66, 5, 13, 90, 0, 31, 121, 89, 62, 91, 85, 25, 115, 72, 84, 35, 117, 34, 145, 9, 48, 140, 132, 106, 70, 108, 58, 10, 123, 111, 68, 148, 124, 1, 116, 21, 42, 97, 8, 127, 36, 63, 20, 59]"
Tho150,4600,8548036,235.98,20.09,5,30,0.4,0.4,5,150,42,"[19, 64, 17, 75, 99, 32, 88, 69, 92, 134, 95, 26, 146, 141, 136, 101, 22, 119, 43, 78, 51, 103, 49, 110, 94, 102, 56, 105, 71, 81, 98, 144, 120, 12, 73, 45, 149, 107, 77, 100, 6, 143, 128, 67, 80, 125, 96, 11, 129, 57, 65, 131, 135, 33, 79, 55, 44, 53, 14, 16, 93, 37, 82, 83, 60, 41, 137, 139, 47, 4, 133, 39, 23, 2, 147, 112, 28, 87, 126, 40, 130, 27, 15, 113, 54, 24, 3, 76, 109, 104, 46, 30, 52, 18, 138, 74, 38, 7, 122, 142, 86, 29, 70, 50, 114, 118, 66, 5, 13, 90, 0, 31, 121, 89, 62, 91, 85, 25, 115, 72, 84, 35, 117, 34, 145, 9, 48, 140, 132, 106, 61, 108, 58, 10, 59, 111, 68, 148, 124, 1, 21, 116, 42, 97, 8, 127, 36, 63, 20, 123]"
Tho150,4700,8545166,241.05,20.09,5,30,0.4,0.4,5,150,42,"[19, 64, 17, 75, 99, 32, 88, 69, 92, 134, 95, 26, 146, 141, 136, 101, 22, 119, 43, 78, 51, 103, 49, 110, 94, 102, 56, 105, 71, 81, 98, 144, 120, 12, 73, 45, 149, 107, 77, 100, 6, 143, 128, 67, 80, 125, 96, 11, 129, 57, 65, 4, 135, 33, 79, 55, 44, 53, 14, 16, 93, 37, 82, 83, 60, 41, 137, 139, 47, 131, 133, 39, 23, 2, 147, 112, 28, 87, 126, 40, 130, 27, 15, 113, 54, 24, 3, 76, 109, 104, 46, 30, 52, 18, 138, 48, 38, 7, 122, 142, 86, 29, 70, 50, 114, 118, 66, 5, 13, 90, 0, 31, 121, 89, 62, 91, 85, 25, 115, 72, 84, 35, 117, 34, 145, 9, 74, 140, 132, 127, 61, 108, 58, 10, 59, 111, 68, 148, 124, 1, 21, 116, 42, 97, 8, 106, 36, 63, 20, 123]"
Tho150,4800,8543956,245.97,20.09,5,30,0.4,0.4,5,150,42,"[19, 64, 17, 75, 99, 32, 88, 69, 92, 134, 95, 26, 146, 141, 136, 101, 22, 119, 43, 78, 51, 103, 49, 110, 94, 102, 56, 105, 71, 81, 98, 144, 120, 12, 73, 45, 149, 107, 77, 100, 6, 143, 128, 67, 80, 125, 96, 11, 129, 57, 65, 4, 135, 33, 79, 55, 2, 53, 14, 16, 93, 37, 82, 83, 60, 41, 137, 139, 31, 131, 133, 39, 23, 44, 147, 112, 28, 87, 126, 40, 130, 27, 15, 113, 54, 24, 3, 76, 109, 104, 46, 30, 52, 18, 138, 48, 38, 7, 122, 142, 86, 29, 70, 50, 114, 118, 66, 5, 13, 90, 0, 47, 121, 89, 62, 91, 85, 25, 115, 72, 84, 35, 117, 34, 145, 9, 74, 140, 132, 127, 61, 108, 58, 10, 59, 111, 68, 148, 124, 1, 21, 116, 42, 97, 8, 106, 36, 63, 20, 123]"
Tho150,4900,8542292,250.94,20.09,5,30,0.4,0.4,5,150,42,"[19, 64, 17, 75, 99, 32, 88, 69, 92, 134, 95, 26, 146, 141, 136, 101, 22, 119, 144, 78, 51, 103, 49, 110, 94, 102, 56, 105, 71, 81, 98, 43, 120, 12, 73, 45, 149, 107, 77, 100, 6, 143, 128, 67, 80, 125, 96, 11, 129, 57, 65, 4, 135, 33, 79, 55, 2, 53, 14, 16, 93, 37, 82, 83, 60, 41, 137, 139, 31, 131, 133, 39, 23, 44, 147, 112, 28, 87, 126, 40, 130, 27, 15, 113, 54, 24, 3, 76, 109, 104, 46, 30, 52, 18, 138, 48, 38, 7, 122, 142, 86, 29, 70, 50, 114, 118, 66, 5, 13, 90, 0, 47, 121, 89, 62, 91, 85, 25, 115, 72, 84, 35, 117, 34, 145, 9, 74, 140, 132, 127, 61, 108, 58, 10, 59, 111, 68, 148, 124, 1, 21, 116, 42, 97, 8, 106, 36, 63, 20, 123]"
Tho150,5000,8541632,256.01,20.09,5,30,0.4,0.4,5,150,42,"[19, 64, 17, 75, 99, 32, 88, 69, 92, 134, 95, 26, 146, 141, 136, 101, 22, 119, 144, 78, 51, 103, 49, 110, 94, 102, 56, 105, 71, 81, 98, 43, 120, 12, 73, 45, 149, 107, 77, 100, 6, 143, 128, 67, 80, 125, 96, 11, 129, 57, 65, 4, 135, 7, 79, 55, 2, 53, 14, 16, 93, 37, 82, 83, 60, 41, 137, 139, 31, 131, 133, 39, 23, 44, 147, 112, 28, 87, 126, 40, 130, 27, 15, 113, 54, 24, 3, 76, 109, 104, 46, 30, 52, 18, 138, 48, 38, 33, 122, 142, 86, 29, 70, 50, 114, 118, 66, 5, 13, 90, 0, 47, 121, 89, 62, 91, 85, 25, 115, 72, 84, 35, 117, 34, 145, 9, 74, 140, 132, 127, 61, 108, 58, 10, 59, 111, 68, 148, 124, 1, 21, 116, 42, 97, 8, 106, 36, 63, 20, 123]"
Tho150,5100,8540808,261.37,20.09,5,30,0.4,0.4,5,150,42,"[19, 64, 17, 75, 99, 32, 88, 69, 92, 134, 95, 33, 146, 141, 136, 101, 22, 119, 144, 78, 51, 103, 49, 110, 94, 102, 56, 105, 71, 81, 98, 43, 120, 12, 73, 45, 149, 107, 77, 100, 6, 143, 128, 67, 80, 125, 96, 11, 129, 57, 65, 4, 135, 7, 79, 55, 2, 53, 14, 16, 93, 37, 82, 83, 60, 41, 137, 139, 31, 131, 133, 39, 23, 44, 147, 112, 28, 87, 126, 40, 130, 27, 15, 113, 54, 24, 3, 76, 109, 104, 46, 30, 52, 18, 138, 48, 38, 26, 122, 142, 86, 29, 70, 50, 114, 118, 66, 5, 13, 90, 0, 47, 121, 89, 62, 91, 85, 25, 115, 72, 84, 35, 117, 34, 145, 9, 74, 140, 132, 127, 61, 108, 58, 10, 59, 111, 68, 148, 124, 1, 21, 116, 42, 97, 8, 106, 36, 63, 20, 123]"
Tho150,5200,8539808,266.92,20.09,5,30,0.4,0.4,5,150,42,"[19, 64, 17, 75, 99, 32, 88, 69, 92, 134, 95, 33, 146, 141, 136, 101, 22, 119, 144, 78, 51, 103, 49, 110, 94, 102, 56, 105, 71, 81, 98, 43, 120, 12, 73, 45, 149, 107, 77, 100, 6, 143, 128, 67, 80, 125, 96, 11, 129, 57, 65, 4, 135, 7, 79, 55, 2, 53, 14, 16, 93, 37, 82, 83, 60, 41, 137, 139, 31, 131, 133, 39, 23, 29, 147, 112, 28, 87, 126, 40, 130, 27, 15, 113, 54, 24, 3, 76, 109, 104, 46, 30, 52, 18, 138, 48, 38, 26, 122, 142, 86, 44, 70, 50, 114, 118, 66, 5, 13, 90, 0, 47, 121, 89, 62, 91, 85, 25, 115, 72, 84, 35, 117, 34, 145, 9, 74, 140, 132, 127, 61, 108, 58, 10, 59, 111, 68, 148, 124, 1, 21, 116, 42, 97, 8, 106, 36, 63, 20, 123]"
Tho150,5300,8538038,272.25,20.09,5,30,0.4,0.4,5,150,42,"[19, 64, 17, 75, 99, 32, 88, 69, 92, 134, 95, 33, 146, 141, 136, 101, 22, 119, 144, 78, 51, 103, 49, 110, 94, 102, 56, 105, 71, 81, 98, 43, 120, 12, 73, 45, 149, 107, 77, 100, 6, 143, 128, 67, 80, 125, 96, 11, 129, 57, 65, 4, 135, 7, 79, 55, 2, 53, 14, 16, 93, 37, 82, 83, 60, 41, 137, 139, 31, 131, 133, 39, 23, 29, 147, 112, 28, 87, 126, 40, 130, 27, 15, 113, 54, 24, 3, 76, 109, 104, 46, 30, 52, 18, 138, 48, 38, 26, 122, 142, 86, 44, 70, 50, 114, 118, 66, 5, 13, 90, 0, 47, 121, 89, 62, 91, 85, 25, 115, 72, 84, 35, 117, 34, 145, 9, 74, 140, 132, 21, 61, 108, 58, 10, 63, 111, 68, 148, 124, 1, 127, 116, 42, 97, 8, 106, 36, 59, 20, 123]"
Tho150,5400,8529496,277.87,20.09,5,30,0.4,0.4,5,150,42,"[19, 64, 17, 75, 99, 32, 88, 69, 92, 134, 95, 33, 146, 141, 136, 101, 22, 119, 144, 78, 51, 26, 49, 110, 94, 102, 56, 105, 71, 81, 98, 43, 120, 12, 73, 45, 149, 107, 77, 100, 6, 143, 128, 67, 80, 125, 96, 11, 129, 103, 65, 4, 135, 7, 79, 55, 2, 53, 14, 16, 93, 37, 82, 83, 60, 41, 137, 139, 31, 131, 133, 39, 23, 29, 147, 112, 28, 87, 126, 40, 130, 27, 57, 113, 54, 24, 3, 76, 109, 104, 46, 30, 52, 18, 138, 48, 38, 15, 122, 142, 86, 44, 70, 50, 114, 118, 66, 5, 13, 90, 0, 121, 47, 89, 62, 91, 85, 25, 115, 72, 84, 35, 117, 34, 145, 9, 74, 140, 132, 21, 61, 108, 58, 10, 63, 111, 68, 148, 124, 1, 127, 116, 42, 97, 8, 106, 36, 59, 20, 123]"
Tho150,5500,8522774,283.2,20.09,5,30,0.4,0.4,5,150,42,"[19, 64, 17, 75, 99, 32, 88, 69, 92, 134, 95, 33, 146, 141, 136, 101, 22, 119, 144, 78, 51, 26, 49, 110, 94, 102, 56, 105, 71, 81, 98, 43, 120, 12, 73, 45, 149, 107, 77, 100, 6, 143, 128, 67, 80, 125, 96, 11, 129, 103, 65, 4, 135, 7, 79, 55, 2, 53, 14, 16, 93, 37, 82, 83, 57, 41, 137, 139, 31, 131, 133, 39, 23, 29, 147, 112, 28, 87, 126, 138, 130, 27, 60, 113, 54, 3, 24, 76, 109, 104, 46, 30, 52, 18, 40, 48, 38, 15, 122, 142, 86, 44, 70, 50, 114, 118, 66, 5, 13, 90, 0, 121, 47, 89, 62, 91, 85, 25, 115, 72, 84, 35, 117, 34, 145, 9, 74, 140, 132, 21, 61, 108, 58, 10, 63, 111, 68, 148, 124, 1, 127, 116, 42, 97, 8, 106, 36, 59, 20, 123]"
Tho150,5600,8519606,288.46,20.09,5,30,0.4,0.4,5,150,42,"[19, 64, 17, 75, 99, 32, 88, 69, 92, 134, 95, 33, 146, 141, 136, 101, 22, 119, 144, 78, 51, 26, 49, 110, 94, 102, 56, 105, 71, 81, 98, 43, 120, 12, 73, 45, 149, 107, 77, 100, 6, 143, 128, 67, 80, 96, 125, 11, 129, 103, 65, 4, 135, 7, 79, 55, 2, 53, 14, 104, 93, 37, 82, 83, 57, 41, 137, 139, 31, 131, 133, 39, 23, 29, 147, 112, 28, 87, 126, 138, 130, 27, 60, 113, 54, 3, 24, 76, 109, 16, 46, 30, 52, 18, 40, 48, 38, 15, 142, 122, 86, 44, 70, 50, 114, 118, 66, 5, 13, 90, 0, 121, 47, 89, 62, 91, 85, 25, 115, 72, 84, 35, 117, 34, 145, 9, 74, 140, 132, 21, 61, 108, 58, 10, 63, 111, 68, 148, 124, 1, 127, 116, 42, 97, 8, 106, 36, 59, 20, 123]"
Tho150,5700,8518016,293.79,20.09,5,30,0.4,0.4,5,150,42,"[19, 64, 17, 75, 99, 32, 88, 69, 92, 134, 95, 33, 146, 141, 136, 101, 22, 119, 144, 78, 51, 26, 49, 110, 94, 102, 56, 105, 71, 81, 98, 43, 120, 12, 73, 45, 149, 107, 77, 100, 6, 143, 128, 67, 80, 96, 125, 11, 129, 103, 65, 4, 135, 7, 79, 55, 2, 53, 14, 104, 93, 37, 82, 83, 57, 41, 137, 60, 31, 131, 133, 39, 23, 29, 147, 112, 46, 87, 126, 138, 130, 27, 139, 113, 54, 3, 24, 76, 109, 16, 28, 30, 52, 18, 40, 48, 38, 15, 142, 122, 86, 44, 70, 50, 114, 118, 66, 5, 13, 90, 0, 121, 47, 89, 62, 91, 85, 25, 115, 72, 84, 35, 117, 34, 145, 9, 74, 140, 21, 132, 61, 108, 58, 10, 63, 111, 68, 148, 124, 1, 127, 116, 42, 97, 8, 106, 36, 59, 20, 123]"
Tho150,5800,8514084,299.05,20.09,5,30,0.4,0.4,5,150,42,"[19, 64, 17, 75, 99, 32, 88, 69, 94, 134, 95, 33, 146, 141, 136, 101, 22, 119, 144, 78, 51, 26, 49, 110, 92, 102, 56, 105, 71, 81, 98, 43, 120, 12, 73, 45, 149, 107, 77, 100, 6, 143, 128, 67, 80, 96, 125, 11, 129, 103, 65, 4, 135, 7, 79, 55, 2, 53, 14, 104, 93, 37, 82, 83, 57, 41, 137, 60, 31, 131, 133, 39, 23, 29, 147, 112, 46, 87, 126, 138, 130, 27, 139, 113, 54, 3, 24, 76, 109, 16, 28, 30, 52, 18, 40, 48, 86, 15, 142, 122, 38, 44, 70, 50, 114, 118, 66, 5, 13, 90, 0, 121, 47, 89, 62, 91, 85, 25, 115, 72, 84, 35, 117, 34, 145, 9, 74, 140, 21, 132, 61, 108, 58, 10, 63, 111, 68, 148, 124, 1, 127, 116, 42, 97, 8, 106, 36, 59, 20, 123]"
Tho150,5900,8513940,304.34,20.09,5,30,0.4,0.4,5,150,42,"[19, 64, 17, 75, 99, 32, 88, 69, 94, 134, 95, 33, 146, 141, 136, 101, 22, 119, 144, 78, 51, 26, 49, 110, 92, 102, 56, 105, 71, 81, 98, 43, 120, 12, 73, 45, 149, 107, 77, 100, 6, 143, 128, 67, 80, 96, 125, 11, 129, 103, 65, 4, 135, 7, 79, 55, 2, 53, 14, 114, 93, 37, 82, 83, 57, 41, 137, 60, 31, 131, 133, 39, 23, 29, 147, 112, 46, 87, 126, 138, 130, 27, 139, 113, 54, 3, 24, 76, 109, 16, 28, 30, 52, 18, 40, 48, 86, 15, 142, 122, 38, 44, 70, 50, 104, 118, 66, 5, 13, 90, 0, 121, 47, 89, 62, 91, 85, 25, 115, 72, 84, 35, 117, 34, 145, 9, 74, 140, 21, 132, 61, 108, 58, 10, 63, 111, 68, 148, 124, 1, 127, 116, 42, 97, 8, 106, 36, 59, 20, 123]"
Tho150,6000,8512884,309.72,20.09,5,30,0.4,0.4,5,150,42,"[19, 64, 17, 75, 99, 32, 88, 69, 94, 134, 95, 33, 146, 141, 136, 101, 22, 119, 144, 78, 51, 26, 49, 110, 92, 102, 56, 105, 71, 81, 98, 43, 120, 12, 73, 45, 149, 107, 77, 100, 6, 143, 128, 67, 80, 96, 125, 11, 129, 103, 65, 4, 135, 7, 79, 55, 2, 53, 14, 114, 93, 37, 82, 83, 57, 41, 137, 60, 31, 131, 133, 39, 23, 3, 147, 112, 46, 87, 126, 138, 130, 27, 139, 113, 54, 29, 24, 76, 109, 16, 28, 30, 52, 18, 40, 48, 86, 15, 142, 122, 38, 44, 70, 50, 104, 118, 66, 5, 13, 90, 0, 121, 47, 89, 62, 91, 85, 25, 115, 72, 84, 35, 117, 34, 145, 9, 74, 140, 21, 132, 61, 108, 58, 10, 63, 111, 68, 148, 124, 1, 127, 116, 42, 97, 8, 106, 36, 59, 20, 123]"
Tho150,6100,8508906,315.16,20.09,5,30,0.4,0.4,5,150,42,"[19, 64, 17, 75, 99, 32, 88, 69, 94, 134, 95, 33, 146, 141, 136, 101, 22, 119, 144, 78, 51, 26, 49, 110, 92, 102, 56, 105, 71, 81, 98, 43, 120, 12, 73, 45, 149, 107, 77, 100, 6, 143, 128, 67, 80, 96, 125, 11, 129, 103, 65, 4, 135, 7, 79, 55, 2, 53, 14, 114, 93, 37, 82, 83, 57, 41, 137, 60, 31, 131, 133, 39, 23, 3, 147, 112, 46, 87, 126, 138, 130, 27, 139, 113, 54, 29, 24, 76, 109, 16, 28, 30, 52, 18, 40, 0, 86, 15, 142, 122, 38, 50, 70, 44, 104, 118, 66, 5, 13, 90, 48, 121, 47, 89, 62, 91, 85, 25, 115, 72, 84, 35, 68, 34, 145, 9, 74, 140, 21, 132, 61, 108, 58, 10, 63, 111, 117, 148, 124, 1, 42, 116, 127, 97, 8, 106, 36, 59, 20, 123]"
Tho150,6200,8508906,320.64,19.86,5,30,0.4,0.4,5,150,42,"[19, 64, 17, 75, 99, 32, 88, 69, 94, 134, 95, 33, 146, 141, 136, 101, 22, 119, 144, 78, 51, 26, 49, 110, 92, 102, 56, 105, 71, 81, 98, 43, 120, 12, 73, 45, 149, 107, 77, 100, 6, 143, 128, 67, 80, 96, 125, 11, 129, 103, 65, 4, 135, 7, 79, 55, 2, 53, 14, 114, 93, 37, 82, 83, 57, 41, 137, 60, 31, 131, 133, 39, 23, 3, 147, 112, 46, 87, 126, 138, 130, 27, 139, 113, 54, 29, 24, 76, 109, 16, 28, 30, 52, 18, 40, 0, 86, 15, 142, 122, 38, 50, 70, 44, 104, 118, 66, 5, 13, 90, 48, 121, 47, 89, 62, 91, 85, 25, 115, 72, 84, 35, 68, 34, 145, 9, 74, 140, 21, 132, 61, 108, 58, 10, 63, 111, 117, 148, 124, 1, 42, 116, 127, 97, 8, 106, 36, 59, 20, 123]"
Tho150,6300,8506702,326.29,19.86,5,30,0.4,0.4,5,150,42,"[19, 64, 17, 75, 99, 32, 88, 69, 94, 134, 95, 33, 146, 141, 136, 101, 22, 119, 144, 78, 51, 26, 49, 110, 92, 102, 56, 105, 71, 81, 12, 43, 120, 98, 73, 45, 149, 107, 77, 100, 6, 143, 128, 67, 80, 96, 125, 11, 129, 103, 65, 4, 135, 7, 79, 55, 2, 53, 14, 114, 93, 37, 82, 83, 57, 41, 137, 60, 31, 131, 133, 39, 23, 3, 147, 112, 46, 87, 126, 138, 130, 27, 139, 113, 54, 29, 24, 76, 109, 16, 28, 30, 52, 18, 40, 0, 86, 15, 142, 122, 38, 50, 70, 44, 104, 118, 66, 5, 13, 90, 48, 121, 47, 132, 62, 91, 85, 25, 115, 72, 84, 35, 68, 34, 145, 9, 74, 140, 21, 89, 61, 108, 58, 63, 10, 111, 117, 148, 124, 1, 42, 116, 127, 97, 8, 106, 36, 59, 20, 123]"
Tho150,6400,8506522,331.79,19.86,5,30,0.4,0.4,5,150,42,"[19, 64, 17, 75, 99, 32, 88, 69, 94, 134, 95, 33, 146, 141, 136, 101, 22, 119, 144, 78, 51, 26, 49, 110, 92, 102, 56, 105, 71, 81, 12, 43, 120, 98, 73, 45, 149, 107, 77, 100, 6, 143, 128, 67, 80, 96, 125, 11, 129, 103, 65, 4, 135, 7, 79, 55, 2, 53, 14, 114, 93, 37, 82, 83, 57, 41, 137, 27, 31, 131, 133, 39, 23, 3, 147, 112, 46, 87, 126, 138, 130, 60, 139, 113, 54, 29, 24, 76, 109, 16, 28, 30, 52, 18, 40, 0, 86, 15, 142, 122, 38, 50, 70, 44, 104, 118, 66, 5, 13, 90, 48, 121, 47, 132, 62, 91, 85, 25, 115, 72, 84, 35, 68, 34, 145, 9, 74, 140, 21, 89, 61, 108, 58, 63, 10, 111, 117, 148, 124, 1, 42, 116, 127, 97, 8, 106, 36, 59, 20, 123]"
Tho150,6500,8504840,337.17,19.86,5,30,0.4,0.4,5,150,42,"[19, 64, 17, 75, 99, 32, 88, 69, 94, 134, 95, 33, 146, 141, 136, 101, 22, 119, 144, 78, 51, 26, 49, 110, 92, 102, 56, 105, 71, 81, 12, 43, 120, 98, 73, 45, 149, 107, 77, 100, 6, 143, 128, 67, 80, 96, 125, 11, 129, 103, 65, 4, 135, 7, 79, 55, 2, 53, 14, 114, 93, 37, 82, 83, 57, 41, 137, 27, 31, 131, 133, 39, 23, 3, 147, 112, 46, 87, 126, 138, 130, 60, 139, 113, 54, 29, 24, 115, 109, 16, 28, 30, 52, 18, 40, 15, 86, 0, 142, 122, 38, 50, 70, 44, 104, 118, 66, 5, 13, 90, 48, 121, 47, 132, 62, 91, 85, 25, 76, 72, 84, 35, 68, 34, 145, 9, 74, 140, 21, 89, 61, 108, 58, 63, 10, 111, 117, 148, 124, 1, 42, 116, 127, 97, 8, 106, 36, 59, 20, 123]"
Tho150,6600,8504840,342.5,19.86,5,30,0.4,0.4,5,150,42,"[19, 64, 17, 75, 99, 32, 88, 69, 94, 134, 95, 33, 146, 141, 136, 101, 22, 119, 144, 78, 51, 26, 49, 110, 92, 102, 56, 105, 71, 81, 12, 43, 120, 98, 73, 45, 149, 107, 77, 100, 6, 143, 128, 67, 80, 96, 125, 11, 129, 103, 65, 4, 135, 7, 79, 55, 2, 53, 14, 114, 93, 37, 82, 83, 57, 41, 137, 27, 31, 131, 133, 39, 23, 3, 147, 112, 46, 87, 126, 138, 130, 60, 139, 113, 54, 29, 24, 115, 109, 16, 28, 30, 52, 18, 40, 15, 86, 0, 142, 122, 38, 50, 70, 44, 104, 118, 66, 5, 13, 90, 48, 121, 47, 132, 62, 91, 85, 25, 76, 72, 84, 35, 68, 34, 145, 9, 74, 140, 21, 89, 61, 108, 58, 63, 10, 111, 117, 148, 124, 1, 42, 116, 127, 97, 8, 106, 36, 59, 20, 123]"
Tho150,100,9453860,348.08,19.88,5,30,0.4,0.4,5,150,42,"[57, 40, 74, 140, 128, 66, 51, 55, 41, 53, 141, 134, 92, 70, 142, 22, 144, 101, 27, 0, 79, 12, 118, 96, 147, 138, 21, 81, 35, 11, 133, 77, 103, 26, 121, 119, 90, 16, 45, 68, 71, 19, 125, 2, 146, 44, 117, 25, 85, 49, 8, 83, 120, 43, 72, 65, 20, 82, 37, 84, 136, 14, 135, 1, 13, 54, 145, 124, 64, 24, 30, 95, 105, 94, 80, 102, 61, 100, 104, 56, 36, 7, 18, 15, 29, 58, 123, 91, 69, 52, 93, 60, 137, 98, 110, 149, 9, 48, 87, 126, 127, 67, 5, 112, 50, 46, 42, 73, 108, 99, 38, 131, 89, 63, 132, 88, 31, 130, 62, 109, 122, 28, 148, 111, 34, 32, 113, 106, 86, 76, 129, 23, 75, 17, 114, 3, 116, 143, 6, 139, 39, 59, 97, 4, 78, 33, 10, 115, 47, 107]"
Tho150,200,9278810,353.41,19.89,5,30,0.4,0.4,5,150,42,"[26, 6, 74, 43, 128, 66, 51, 55, 41, 53, 69, 134, 92, 70, 142, 22, 144, 101, 27, 0, 56, 119, 118, 38, 147, 138, 21, 81, 63, 11, 133, 77, 20, 57, 121, 12, 90, 14, 45, 68, 71, 114, 8, 19, 146, 44, 117, 18, 85, 49, 96, 83, 30, 140, 72, 65, 103, 82, 37, 84, 91, 16, 135, 1, 13, 54, 145, 124, 64, 24, 120, 95, 105, 94, 80, 102, 61, 100, 104, 79, 36, 7, 25, 15, 88, 58, 123, 136, 141, 52, 93, 60, 137, 2, 110, 149, 9, 48, 87, 126, 62, 67, 5, 112, 50, 46, 42, 73, 108, 99, 125, 131, 89, 35, 132, 29, 3, 130, 127, 78, 122, 28, 148, 111, 75, 32, 113, 106, 86, 76, 129, 23, 34, 17, 107, 31, 116, 143, 40, 139, 39, 59, 97, 4, 109, 33, 10, 115, 47, 98]"
Tho150,300,9169828,358.81,19.89,5,30,0.4,0.4,5,150,42,"[26, 6, 74, 43, 128, 66, 51, 55, 41, 53, 105, 134, 92, 70, 142, 22, 144, 101, 27, 0, 56, 119, 118, 38, 109, 138, 21, 81, 63, 11, 133, 77, 20, 57, 121, 12, 90, 14, 45, 68, 71, 114, 8, 19, 146, 44, 117, 147, 85, 49, 96, 50, 30, 140, 40, 15, 103, 82, 37, 84, 91, 16, 135, 113, 116, 54, 145, 124, 64, 24, 120, 95, 69, 94, 80, 102, 61, 83, 104, 79, 59, 87, 25, 65, 88, 58, 123, 136, 9, 52, 93, 73, 137, 2, 110, 149, 100, 48, 7, 139, 122, 67, 127, 141, 112, 46, 42, 60, 108, 99, 125, 131, 89, 35, 132, 29, 3, 130, 5, 10, 62, 28, 148, 111, 75, 143, 1, 106, 86, 76, 129, 23, 34, 17, 107, 31, 13, 32, 72, 126, 97, 36, 39, 4, 18, 33, 78, 115, 47, 98]"
Tho150,400,9074178,364.22,19.89,5,30,0.4,0.4,5,150,42,"[26, 6, 74, 43, 49, 66, 51, 55, 41, 53, 48, 134, 92, 70, 142, 22, 144, 101, 87, 135, 56, 119, 62, 12, 109, 138, 136, 81, 63, 11, 104, 77, 20, 14, 121, 38, 90, 57, 45, 68, 71, 146, 8, 19, 114, 44, 117, 147, 85, 128, 96, 50, 54, 140, 40, 15, 103, 82, 37, 84, 133, 16, 0, 102, 116, 30, 145, 124, 64, 122, 120, 95, 123, 94, 80, 113, 61, 83, 91, 79, 118, 27, 25, 65, 88, 58, 69, 21, 28, 52, 93, 73, 137, 2, 110, 149, 100, 105, 7, 139, 39, 67, 127, 141, 76, 46, 42, 60, 108, 130, 125, 131, 89, 35, 132, 29, 3, 99, 5, 10, 59, 9, 148, 111, 75, 143, 1, 106, 86, 112, 78, 23, 34, 17, 107, 31, 13, 32, 72, 126, 97, 36, 24, 4, 18, 33, 129, 115, 47, 98]"
Tho150,500,9008038,369.72,19.89,5,30,0.4,0.4,5,150,42,"[26, 6, 74, 43, 49, 66, 51, 55, 121, 53, 48, 134, 92, 70, 142, 22, 144, 101, 45, 31, 56, 119, 62, 12, 109, 138, 136, 81, 63, 11, 104, 77, 20, 14, 128, 38, 90, 57, 87, 68, 71, 146, 8, 19, 114, 42, 117, 147, 85, 41, 96, 124, 54, 140, 40, 15, 103, 82, 37, 47, 133, 16, 0, 102, 116, 30, 145, 88, 60, 122, 120, 94, 123, 95, 80, 113, 61, 9, 13, 79, 118, 27, 25, 65, 50, 58, 69, 21, 28, 52, 93, 73, 137, 2, 110, 149, 100, 105, 7, 139, 39, 67, 127, 98, 76, 46, 44, 91, 108, 130, 143, 131, 89, 35, 132, 29, 3, 99, 5, 10, 59, 83, 148, 111, 75, 125, 1, 106, 86, 112, 78, 23, 34, 17, 107, 135, 64, 32, 72, 126, 97, 36, 24, 4, 18, 33, 129, 115, 84, 141]"
Tho150,600,8960182,375.18,19.89,5,30,0.4,0.4,5,150,42,"[26, 6, 74, 43, 49, 66, 109, 55, 121, 53, 48, 134, 68, 70, 142, 22, 144, 101, 45, 31, 56, 119, 62, 12, 51, 35, 136, 81, 63, 82, 104, 137, 20, 14, 128, 38, 90, 57, 87, 92, 71, 146, 8, 19, 95, 93, 118, 147, 85, 41, 96, 125, 54, 140, 40, 15, 103, 138, 37, 47, 133, 16, 0, 102, 116, 30, 7, 88, 50, 122, 120, 94, 123, 114, 80, 113, 61, 9, 13, 79, 117, 27, 11, 65, 60, 58, 69, 21, 28, 52, 42, 73, 77, 2, 110, 149, 100, 105, 39, 139, 145, 67, 127, 24, 76, 46, 44, 91, 108, 130, 143, 131, 89, 25, 132, 29, 107, 99, 5, 10, 59, 83, 148, 111, 75, 124, 1, 106, 23, 112, 78, 86, 34, 17, 3, 135, 64, 32, 72, 126, 97, 36, 98, 4, 18, 33, 129, 115, 84, 141]"
Tho150,700,8932096,380.56,19.89,5,30,0.4,0.4,5,150,42,"[26, 6, 74, 43, 49, 66, 109, 55, 38, 53, 48, 134, 68, 70, 142, 22, 144, 101, 45, 31, 56, 96, 62, 12, 51, 35, 136, 81, 63, 82, 104, 137, 20, 14, 128, 121, 90, 57, 54, 92, 71, 146, 8, 19, 95, 93, 118, 147, 85, 41, 65, 125, 50, 140, 40, 15, 103, 138, 37, 47, 108, 16, 0, 102, 116, 30, 7, 88, 87, 122, 120, 94, 72, 114, 80, 113, 61, 133, 13, 79, 117, 27, 11, 119, 60, 58, 69, 21, 28, 52, 42, 73, 77, 2, 110, 149, 100, 105, 39, 139, 145, 67, 127, 24, 76, 46, 44, 91, 9, 130, 143, 131, 89, 25, 132, 29, 107, 99, 5, 10, 59, 83, 148, 111, 75, 124, 1, 106, 23, 112, 78, 86, 34, 17, 3, 135, 64, 32, 123, 126, 97, 36, 98, 4, 18, 33, 129, 115, 84, 141]"
Tho150,800,8918622,386.04,19.89,5,30,0.4,0.4,5,150,42,"[26, 6, 137, 43, 49, 66, 109, 55, 38, 53, 48, 134, 68, 70, 142, 22, 144, 101, 45, 31, 56, 96, 62, 12, 51, 35, 136, 81, 63, 82, 119, 74, 102, 14, 128, 121, 90, 57, 54, 92, 71, 146, 94, 19, 95, 93, 118, 147, 85, 41, 65, 125, 50, 140, 40, 88, 103, 138, 37, 47, 108, 16, 0, 20, 116, 30, 7, 15, 87, 122, 120, 8, 72, 114, 80, 113, 61, 133, 13, 79, 117, 27, 11, 104, 60, 58, 69, 21, 28, 52, 42, 73, 77, 2, 110, 149, 100, 123, 39, 139, 145, 67, 127, 24, 76, 46, 44, 91, 9, 130, 143, 131, 89, 25, 132, 29, 107, 99, 5, 10, 59, 83, 148, 111, 75, 124, 1, 106, 23, 112, 78, 86, 34, 17, 3, 135, 64, 32, 105, 126, 97, 36, 98, 4, 18, 33, 129, 115, 84, 141]"
Tho150,900,8870186,391.42,19.89,5,30,0.4,0.4,5,150,42,"[26, 6, 137, 43, 49, 66, 109, 55, 38, 53, 48, 134, 68, 70, 142, 22, 144, 14, 45, 31, 56, 96, 93, 12, 51, 119, 136, 81, 127, 104, 35, 74, 102, 83, 128, 121, 90, 57, 54, 92, 71, 146, 94, 19, 95, 62, 118, 147, 85, 41, 65, 125, 50, 140, 40, 88, 103, 138, 37, 47, 108, 16, 0, 20, 116, 30, 7, 15, 87, 122, 100, 8, 72, 114, 76, 113, 61, 133, 13, 79, 117, 27, 11, 36, 60, 63, 69, 21, 28, 52, 42, 73, 77, 2, 110, 149, 120, 123, 39, 139, 145, 24, 58, 67, 80, 46, 44, 91, 9, 130, 143, 131, 89, 25, 132, 29, 107, 99, 5, 10, 59, 101, 148, 111, 75, 124, 1, 106, 23, 112, 78, 86, 34, 17, 3, 135, 64, 32, 105, 126, 97, 82, 98, 4, 18, 33, 129, 115, 84, 141]"
Tho150,1000,8822204,397.01,19.89,5,30,0.4,0.4,5,150,42,"[26, 6, 137, 56, 49, 66, 109, 55, 38, 53, 48, 134, 68, 19, 142, 22, 144, 100, 45, 31, 43, 96, 93, 88, 51, 119, 136, 81, 127, 72, 35, 74, 102, 83, 128, 121, 90, 57, 54, 92, 71, 146, 94, 70, 95, 0, 118, 147, 85, 41, 65, 125, 50, 140, 69, 12, 1, 138, 37, 47, 108, 16, 62, 20, 116, 30, 7, 15, 87, 122, 14, 82, 104, 114, 76, 113, 61, 133, 13, 79, 117, 27, 11, 36, 60, 63, 40, 21, 28, 52, 42, 73, 77, 2, 110, 149, 120, 123, 39, 139, 145, 24, 58, 67, 80, 46, 44, 91, 9, 130, 143, 131, 89, 25, 132, 29, 106, 99, 5, 10, 59, 101, 148, 111, 75, 124, 103, 112, 23, 107, 78, 86, 34, 17, 3, 135, 32, 64, 105, 126, 97, 8, 98, 4, 18, 33, 129, 115, 84, 141]"
Tho150,1100,8811134,402.49,19.89,5,30,0.4,0.4,5,150,42,"[26, 6, 137, 56, 49, 66, 109, 55, 54, 38, 48, 134, 68, 19, 142, 22, 144, 100, 45, 31, 43, 96, 93, 88, 51, 119, 136, 81, 127, 72, 35, 74, 102, 125, 128, 121, 90, 57, 53, 92, 71, 146, 94, 70, 95, 0, 118, 147, 85, 41, 65, 83, 50, 140, 69, 104, 1, 138, 37, 47, 108, 16, 62, 20, 116, 30, 7, 15, 87, 122, 14, 82, 12, 114, 76, 113, 61, 133, 13, 79, 117, 27, 11, 36, 60, 63, 40, 21, 28, 52, 42, 112, 77, 2, 110, 149, 120, 123, 39, 139, 145, 24, 58, 17, 80, 46, 44, 91, 9, 130, 143, 131, 89, 25, 132, 29, 106, 99, 67, 10, 59, 101, 148, 111, 75, 124, 103, 73, 23, 107, 78, 86, 34, 5, 3, 135, 32, 64, 105, 126, 97, 8, 98, 4, 18, 33, 129, 115, 84, 141]"
Tho150,1200,8791890,407.99,19.89,5,30,0.4,0.4,5,150,42,"[26, 6, 137, 56, 49, 66, 125, 55, 54, 38, 48, 134, 68, 19, 142, 22, 144, 100, 45, 31, 43, 96, 93, 88, 51, 119, 136, 81, 127, 72, 35, 74, 102, 109, 128, 121, 90, 57, 53, 92, 71, 146, 94, 70, 95, 0, 118, 147, 85, 41, 65, 83, 50, 140, 69, 104, 1, 138, 37, 47, 108, 16, 62, 20, 116, 30, 7, 15, 87, 145, 14, 82, 12, 114, 76, 113, 61, 111, 13, 79, 117, 27, 11, 40, 60, 29, 36, 21, 28, 52, 42, 112, 77, 2, 110, 149, 120, 123, 39, 139, 122, 24, 58, 17, 80, 46, 44, 91, 9, 130, 143, 131, 89, 25, 132, 63, 106, 99, 67, 10, 148, 101, 59, 133, 75, 124, 73, 103, 23, 107, 78, 86, 34, 5, 3, 135, 32, 64, 105, 126, 97, 8, 98, 4, 18, 33, 129, 115, 84, 141]"
Tho150,1300,8781392,413.44,19.89,5,30,0.4,0.4,5,150,42,"[26, 6, 137, 56, 49, 66, 125, 55, 69, 38, 48, 134, 68, 19, 142, 22, 144, 100, 45, 31, 43, 96, 93, 88, 51, 119, 136, 81, 127, 72, 35, 74, 102, 109, 128, 121, 90, 57, 53, 92, 71, 146, 94, 70, 95, 0, 118, 147, 85, 41, 65, 83, 50, 140, 54, 104, 1, 138, 37, 47, 108, 16, 62, 20, 116, 30, 7, 75, 87, 145, 14, 28, 12, 114, 76, 113, 61, 111, 13, 79, 117, 27, 11, 40, 60, 29, 36, 21, 82, 52, 42, 112, 77, 2, 110, 149, 120, 123, 39, 139, 122, 24, 58, 17, 80, 46, 44, 91, 9, 130, 143, 131, 89, 25, 132, 63, 106, 99, 67, 10, 148, 101, 59, 133, 15, 124, 73, 103, 23, 107, 78, 86, 34, 5, 3, 126, 32, 64, 105, 135, 97, 8, 98, 4, 18, 33, 129, 115, 84, 141]"
Tho150,1400,8780462,418.84,19.89,5,30,0.4,0.4,5,150,42,"[26, 6, 137, 56, 49, 66, 45, 55, 69, 38, 48, 134, 68, 19, 142, 22, 144, 100, 125, 31, 43, 96, 93, 88, 51, 119, 136, 81, 127, 72, 35, 74, 102, 109, 128, 121, 90, 57, 53, 92, 71, 146, 94, 70, 95, 0, 118, 147, 85, 41, 65, 83, 50, 140, 54, 104, 1, 138, 37, 47, 108, 16, 62, 20, 116, 30, 7, 75, 87, 145, 14, 28, 12, 114, 76, 113, 61, 111, 13, 79, 117, 27, 11, 40, 60, 29, 36, 21, 82, 52, 42, 112, 77, 2, 110, 149, 120, 123, 39, 139, 122, 24, 58, 67, 80, 46, 44, 91, 9, 130, 143, 131, 89, 25, 132, 63, 106, 99, 17, 10, 148, 101, 59, 133, 15, 124, 73, 103, 23, 107, 78, 86, 34, 5, 3, 126, 32, 64, 105, 135, 97, 8, 98, 4, 18, 33, 129, 115, 84, 141]"
Tho150,1500,8777658,424.2,19.89,5,30,0.4,0.4,5,150,42,"[26, 6, 137, 56, 49, 66, 45, 55, 69, 38, 48, 119, 68, 19, 142, 22, 144, 100, 125, 31, 43, 96, 93, 88, 51, 134, 136, 81, 127, 72, 35, 74, 102, 109, 128, 30, 90, 57, 53, 92, 71, 146, 94, 70, 95, 0, 118, 147, 85, 41, 65, 83, 87, 140, 54, 104, 1, 138, 37, 47, 108, 16, 117, 20, 116, 121, 7, 75, 50, 145, 14, 28, 12, 114, 76, 113, 73, 111, 13, 79, 62, 27, 11, 40, 60, 29, 36, 21, 82, 52, 42, 112, 77, 2, 110, 149, 120, 123, 39, 139, 122, 24, 58, 67, 80, 46, 44, 91, 9, 130, 143, 131, 89, 25, 132, 63, 106, 99, 17, 10, 148, 101, 59, 133, 15, 124, 61, 103, 23, 107, 78, 86, 34, 5, 3, 126, 32, 64, 105, 135, 97, 8, 98, 4, 18, 33, 129, 115, 84, 141]"
Tho150,1600,8768662,429.68,19.89,5,30,0.4,0.4,5,150,42,"[26, 6, 137, 56, 49, 66, 45, 55, 69, 38, 48, 119, 68, 19, 142, 22, 144, 100, 125, 31, 43, 96, 93, 75, 51, 134, 136, 81, 127, 72, 85, 74, 102, 109, 128, 30, 90, 57, 53, 28, 71, 146, 94, 70, 95, 0, 118, 147, 35, 41, 65, 83, 87, 140, 54, 104, 1, 138, 37, 47, 108, 16, 117, 20, 116, 121, 7, 88, 50, 145, 14, 92, 12, 114, 76, 113, 73, 133, 13, 79, 62, 27, 11, 40, 60, 29, 36, 21, 82, 52, 42, 112, 77, 2, 110, 149, 120, 15, 39, 139, 122, 24, 58, 67, 80, 44, 46, 91, 9, 130, 143, 131, 89, 25, 132, 63, 99, 106, 17, 10, 148, 101, 59, 111, 123, 124, 61, 103, 23, 107, 78, 86, 34, 5, 3, 126, 32, 64, 105, 135, 97, 8, 98, 4, 18, 33, 129, 115, 84, 141]"
Tho150,1700,8762210,435.11,19.89,5,30,0.4,0.4,5,150,42,"[26, 6, 137, 56, 49, 66, 45, 55, 69, 38, 48, 119, 68, 19, 142, 22, 144, 100, 125, 31, 43, 96, 93, 75, 51, 134, 136, 81, 127, 72, 85, 74, 102, 109, 128, 30, 90, 57, 53, 28, 71, 146, 94, 70, 95, 0, 118, 147, 88, 41, 65, 83, 87, 140, 54, 104, 86, 138, 37, 47, 108, 16, 117, 13, 116, 121, 7, 35, 50, 145, 14, 92, 12, 114, 76, 113, 73, 133, 20, 79, 62, 27, 11, 40, 60, 29, 36, 21, 82, 52, 42, 112, 77, 2, 110, 149, 143, 15, 39, 139, 122, 24, 58, 67, 80, 44, 46, 91, 9, 130, 120, 131, 89, 25, 132, 63, 99, 106, 17, 10, 148, 101, 59, 111, 123, 124, 61, 103, 23, 107, 78, 1, 34, 3, 5, 126, 32, 64, 105, 135, 97, 8, 98, 4, 18, 33, 129, 115, 84, 141]"
Tho150,1800,8752568,440.57,19.89,5,30,0.4,0.4,5,150,42,"[26, 6, 137, 56, 49, 66, 45, 55, 69, 51, 48, 119, 68, 19, 142, 22, 144, 100, 125, 31, 43, 96, 93, 75, 38, 134, 136, 81, 127, 72, 85, 74, 102, 109, 128, 30, 90, 57, 53, 28, 71, 146, 94, 70, 95, 0, 118, 147, 88, 41, 65, 83, 87, 140, 54, 104, 86, 138, 37, 47, 108, 16, 117, 121, 116, 13, 7, 35, 50, 145, 14, 92, 12, 114, 76, 61, 73, 133, 20, 79, 62, 27, 11, 82, 60, 29, 36, 21, 40, 52, 42, 112, 77, 2, 110, 149, 143, 15, 39, 139, 122, 24, 132, 67, 80, 44, 46, 91, 9, 130, 120, 131, 89, 25, 58, 63, 99, 106, 17, 10, 148, 101, 59, 111, 123, 124, 113, 103, 23, 107, 78, 1, 34, 3, 5, 126, 32, 64, 105, 135, 97, 8, 98, 4, 18, 33, 129, 115, 84, 141]"
Tho150,1900,8715444,446.18,19.89,5,30,0.4,0.4,5,150,42,"[26, 6, 137, 56, 49, 66, 45, 55, 69, 51, 48, 119, 68, 19, 142, 22, 144, 100, 125, 31, 43, 96, 93, 75, 38, 134, 136, 81, 127, 72, 85, 74, 90, 109, 128, 30, 102, 57, 53, 28, 71, 146, 94, 70, 95, 13, 118, 147, 88, 41, 65, 83, 87, 140, 54, 104, 86, 138, 37, 47, 108, 16, 117, 121, 116, 0, 7, 35, 50, 145, 1, 92, 12, 114, 76, 61, 46, 133, 77, 79, 62, 27, 11, 82, 60, 29, 36, 21, 40, 52, 42, 112, 20, 2, 110, 149, 143, 15, 39, 139, 67, 63, 132, 122, 80, 44, 73, 91, 9, 130, 120, 131, 89, 25, 58, 18, 99, 106, 17, 10, 148, 101, 59, 111, 123, 124, 113, 103, 23, 107, 78, 14, 34, 3, 5, 126, 32, 64, 105, 135, 97, 8, 98, 4, 24, 33, 129, 115, 84, 141]"
Tho150,2000,8708818,452.01,19.89,5,30,0.4,0.4,5,150,42,"[26, 6, 137, 56, 49, 66, 45, 55, 69, 51, 48, 119, 68, 19, 142, 22, 144, 100, 125, 31, 43, 96, 93, 75, 38, 134, 136, 81, 127, 72, 85, 74, 90, 109, 128, 30, 102, 57, 53, 12, 71, 146, 94, 70, 95, 13, 118, 147, 88, 41, 65, 83, 87, 140, 54, 104, 86, 138, 37, 47, 108, 16, 117, 121, 116, 0, 7, 35, 50, 145, 1, 92, 28, 114, 76, 61, 46, 133, 77, 79, 62, 27, 11, 82, 60, 29, 36, 21, 40, 52, 42, 112, 20, 2, 110, 149, 143, 15, 39, 139, 67, 63, 132, 122, 80, 44, 73, 91, 9, 130, 120, 131, 89, 25, 58, 18, 99, 106, 17, 10, 148, 101, 59, 111, 123, 124, 113, 103, 23, 107, 78, 14, 34, 3, 5, 126, 32, 64, 105, 135, 97, 8, 98, 4, 24, 33, 129, 115, 84, 141]"
Tho150,2100,8701992,457.52,19.89,5,30,0.4,0.4,5,150,42,"[26, 6, 137, 56, 49, 66, 45, 55, 69, 48, 51, 119, 68, 19, 142, 22, 144, 100, 125, 31, 43, 93, 96, 75, 38, 134, 136, 81, 127, 72, 85, 61, 90, 109, 128, 30, 102, 57, 53, 12, 71, 146, 94, 70, 95, 13, 118, 147, 88, 41, 65, 83, 87, 140, 54, 104, 86, 138, 37, 47, 108, 16, 117, 121, 116, 0, 7, 35, 50, 145, 1, 92, 28, 114, 76, 74, 46, 133, 77, 79, 62, 27, 11, 82, 60, 29, 103, 21, 40, 52, 42, 112, 20, 2, 110, 149, 143, 15, 39, 139, 67, 63, 132, 122, 80, 44, 73, 91, 9, 130, 120, 131, 89, 25, 58, 18, 99, 106, 17, 10, 148, 101, 59, 111, 123, 124, 113, 36, 23, 107, 78, 14, 34, 3, 5, 126, 32, 64, 105, 135, 97, 8, 98, 4, 24, 33, 129, 115, 84, 141]"
Tho150,2200,8693416,463.19,19.89,5,30,0.4,0.4,5,150,42,"[26, 6, 137, 56, 49, 66, 45, 55, 69, 48, 51, 119, 68, 19, 142, 22, 144, 100, 125, 31, 43, 93, 96, 75, 38, 134, 136, 81, 127, 72, 85, 61, 90, 109, 128, 30, 102, 57, 53, 12, 71, 146, 94, 70, 95, 13, 118, 147, 88, 41, 65, 83, 87, 140, 54, 104, 86, 138, 37, 47, 108, 16, 117, 121, 116, 0, 7, 35, 50, 145, 1, 92, 28, 114, 76, 74, 46, 133, 77, 79, 62, 27, 11, 82, 60, 107, 103, 21, 40, 52, 42, 112, 20, 2, 110, 149, 143, 15, 39, 139, 18, 63, 132, 122, 80, 44, 73, 91, 9, 130, 120, 131, 89, 25, 58, 67, 99, 106, 17, 10, 148, 101, 59, 111, 123, 113, 124, 36, 23, 29, 78, 14, 34, 3, 5, 126, 32, 64, 105, 135, 97, 8, 98, 4, 24, 33, 129, 115, 84, 141]"
Tho150,2300,8688370,468.84,19.89,5,30,0.4,0.4,5,150,42,"[26, 6, 137, 56, 49, 66, 45, 55, 69, 48, 51, 119, 68, 19, 142, 22, 144, 100, 125, 31, 43, 93, 96, 75, 38, 134, 136, 81, 127, 72, 85, 77, 90, 109, 128, 30, 102, 57, 53, 12, 71, 146, 94, 70, 95, 13, 118, 147, 88, 41, 65, 83, 87, 140, 54, 104, 86, 138, 37, 47, 108, 16, 117, 121, 116, 0, 7, 35, 50, 145, 1, 92, 28, 114, 76, 74, 46, 133, 61, 79, 62, 27, 11, 82, 60, 107, 103, 34, 40, 52, 42, 112, 20, 2, 110, 149, 143, 15, 39, 139, 18, 63, 132, 122, 80, 44, 73, 91, 9, 130, 120, 131, 89, 25, 58, 67, 99, 106, 17, 10, 148, 101, 59, 111, 123, 113, 124, 36, 23, 29, 78, 14, 21, 3, 5, 126, 32, 64, 105, 135, 97, 8, 98, 4, 24, 33, 129, 115, 84, 141]"
Tho150,2400,8668376,474.26,19.89,5,30,0.4,0.4,5,150,42,"[26, 6, 137, 56, 49, 66, 45, 55, 69, 48, 51, 119, 68, 19, 142, 22, 144, 100, 125, 31, 43, 93, 96, 75, 38, 134, 136, 81, 127, 72, 85, 77, 90, 109, 128, 88, 102, 57, 53, 12, 71, 146, 94, 70, 95, 13, 118, 147, 30, 41, 65, 83, 87, 140, 54, 104, 86, 138, 37, 47, 108, 16, 117, 121, 116, 0, 7, 35, 50, 145, 107, 92, 28, 80, 76, 74, 46, 133, 61, 79, 62, 27, 11, 82, 60, 1, 103, 34, 40, 52, 42, 112, 20, 2, 110, 149, 143, 15, 39, 139, 18, 63, 132, 21, 91, 44, 73, 114, 9, 130, 120, 131, 89, 25, 58, 67, 99, 106, 17, 10, 148, 101, 59, 111, 123, 113, 124, 36, 23, 29, 78, 14, 122, 3, 5, 126, 32, 64, 105, 135, 97, 8, 98, 4, 24, 33, 129, 115, 84, 141]"
Tho150,2500,8649416,479.74,19.89,5,30,0.4,0.4,5,150,42,"[26, 6, 137, 56, 49, 66, 45, 55, 69, 48, 51, 119, 68, 19, 127, 22, 144, 100, 125, 31, 43, 93, 96, 75, 38, 134, 136, 81, 142, 72, 85, 77, 90, 109, 128, 88, 102, 57, 53, 12, 71, 146, 94, 70, 95, 13, 118, 147, 30, 41, 65, 83, 87, 140, 54, 104, 86, 138, 37, 47, 108, 16, 117, 121, 116, 0, 7, 35, 50, 145, 107, 92, 129, 80, 76, 74, 46, 133, 61, 79, 62, 130, 11, 82, 60, 103, 1, 34, 40, 52, 42, 112, 20, 2, 110, 149, 143, 15, 39, 139, 18, 21, 132, 63, 91, 44, 73, 120, 9, 27, 114, 131, 89, 25, 58, 67, 99, 106, 17, 10, 148, 101, 59, 111, 123, 113, 124, 36, 23, 29, 78, 14, 122, 3, 5, 126, 32, 64, 105, 135, 97, 8, 98, 4, 24, 33, 28, 115, 84, 141]"
Tho150,2600,8641900,485.26,19.89,5,30,0.4,0.4,5,150,42,"[26, 6, 137, 56, 49, 66, 45, 55, 69, 48, 51, 119, 68, 19, 127, 22, 144, 100, 125, 31, 43, 93, 96, 75, 38, 134, 136, 146, 142, 72, 85, 77, 90, 109, 128, 88, 102, 57, 53, 12, 71, 81, 94, 70, 95, 13, 118, 147, 30, 41, 65, 83, 87, 140, 54, 104, 86, 138, 37, 47, 108, 16, 117, 121, 116, 0, 7, 35, 50, 145, 107, 92, 129, 80, 52, 74, 46, 133, 32, 79, 27, 130, 11, 82, 60, 103, 1, 34, 40, 76, 42, 112, 20, 2, 110, 149, 143, 15, 39, 139, 18, 21, 132, 63, 91, 44, 73, 120, 9, 62, 114, 131, 89, 25, 58, 67, 99, 106, 17, 10, 148, 101, 59, 111, 123, 113, 124, 36, 23, 29, 78, 28, 122, 3, 5, 126, 61, 64, 105, 135, 97, 8, 98, 4, 24, 33, 14, 115, 84, 141]"
Tho150,2700,8638542,490.76,19.89,5,30,0.4,0.4,5,150,42,"[26, 6, 137, 56, 49, 66, 45, 55, 69, 48, 51, 142, 68, 19, 127, 22, 144, 100, 125, 31, 43, 93, 96, 75, 38, 134, 136, 146, 119, 72, 85, 77, 90, 109, 128, 88, 102, 57, 53, 12, 71, 81, 94, 70, 95, 13, 118, 147, 30, 41, 65, 83, 87, 140, 54, 104, 86, 138, 37, 47, 108, 16, 117, 121, 116, 0, 7, 35, 107, 145, 50, 92, 129, 80, 52, 74, 46, 133, 32, 79, 27, 130, 11, 82, 60, 103, 1, 34, 40, 76, 42, 112, 20, 2, 110, 149, 143, 15, 39, 139, 18, 21, 132, 63, 91, 44, 73, 120, 9, 62, 114, 131, 89, 25, 58, 67, 99, 106, 17, 10, 148, 101, 59, 61, 123, 113, 124, 36, 23, 29, 78, 28, 122, 3, 5, 126, 111, 64, 105, 135, 97, 8, 98, 4, 24, 33, 14, 115, 84, 141]"
Tho150,2800,8627310,495.88,19.89,5,30,0.4,0.4,5,150,42,"[26, 6, 137, 56, 49, 66, 45, 55, 69, 48, 51, 142, 68, 19, 127, 22, 144, 128, 125, 31, 43, 93, 96, 75, 38, 134, 136, 146, 119, 72, 85, 77, 90, 109, 100, 88, 102, 57, 53, 12, 71, 81, 94, 70, 95, 13, 118, 147, 30, 41, 65, 83, 87, 140, 54, 104, 86, 138, 37, 40, 108, 16, 117, 121, 116, 0, 7, 35, 107, 145, 50, 92, 129, 80, 52, 74, 46, 133, 32, 79, 27, 130, 11, 82, 60, 103, 1, 34, 47, 76, 42, 112, 20, 2, 110, 149, 143, 15, 39, 139, 18, 21, 132, 63, 91, 44, 73, 113, 9, 62, 114, 131, 89, 25, 58, 67, 99, 106, 17, 10, 148, 101, 59, 61, 123, 120, 124, 36, 23, 29, 78, 28, 122, 3, 5, 126, 111, 64, 105, 135, 97, 8, 98, 4, 24, 33, 14, 115, 84, 141]"
Tho150,2900,8625022,500.91,19.89,5,30,0.4,0.4,5,150,42,"[26, 6, 137, 56, 49, 66, 45, 55, 69, 48, 51, 142, 68, 19, 127, 22, 144, 128, 125, 31, 43, 93, 96, 75, 38, 134, 136, 146, 119, 72, 85, 77, 90, 109, 100, 88, 102, 53, 57, 12, 71, 81, 94, 70, 95, 13, 118, 147, 30, 41, 65, 83, 87, 140, 54, 104, 86, 138, 37, 40, 108, 16, 117, 121, 116, 0, 7, 35, 107, 145, 50, 92, 129, 80, 52, 74, 46, 133, 32, 79, 27, 130, 11, 82, 60, 103, 1, 34, 47, 76, 42, 112, 20, 2, 110, 149, 143, 15, 39, 139, 18, 21, 132, 63, 91, 44, 73, 113, 4, 62, 114, 131, 89, 25, 58, 67, 99, 106, 17, 10, 148, 101, 59, 61, 124, 120, 123, 36, 23, 29, 78, 28, 122, 3, 5, 126, 111, 64, 105, 135, 97, 8, 98, 9, 24, 33, 14, 115, 84, 141]"
Tho150,3000,8618928,505.98,19.89,5,30,0.4,0.4,5,150,42,"[26, 6, 137, 56, 49, 43, 45, 55, 69, 48, 51, 142, 68, 19, 127, 22, 144, 128, 125, 31, 66, 93, 96, 75, 38, 134, 136, 146, 119, 72, 85, 77, 90, 109, 100, 88, 102, 53, 57, 12, 71, 81, 94, 70, 95, 13, 118, 147, 30, 41, 65, 83, 87, 140, 54, 104, 86, 138, 37, 40, 108, 16, 117, 121, 116, 0, 7, 35, 107, 145, 50, 92, 129, 80, 52, 74, 46, 133, 9, 79, 27, 130, 11, 82, 60, 103, 1, 34, 47, 76, 42, 112, 20, 2, 110, 149, 143, 15, 39, 139, 18, 21, 132, 63, 91, 44, 73, 113, 4, 62, 114, 131, 89, 25, 67, 58, 99, 106, 17, 10, 148, 101, 59, 61, 124, 120, 123, 36, 23, 29, 78, 28, 122, 3, 5, 126, 111, 64, 105, 135, 97, 8, 32, 98, 24, 33, 14, 115, 84, 141]"
Tho150,3100,8600988,510.97,19.89,5,30,0.4,0.4,5,150,42,"[26, 6, 137, 56, 49, 43, 45, 55, 69, 48, 51, 142, 68, 19, 127, 22, 144, 128, 125, 31, 66, 93, 96, 75, 38, 134, 136, 146, 119, 72, 85, 77, 90, 109, 100, 88, 102, 53, 57, 12, 71, 81, 94, 70, 95, 13, 118, 147, 30, 41, 65, 83, 87, 140, 54, 104, 86, 138, 37, 40, 108, 16, 117, 121, 116, 0, 7, 35, 107, 145, 50, 92, 123, 80, 52, 74, 46, 133, 9, 79, 27, 129, 11, 82, 60, 103, 1, 34, 47, 76, 42, 112, 20, 2, 110, 149, 143, 15, 39, 139, 18, 21, 132, 63, 91, 44, 73, 113, 4, 62, 78, 131, 89, 25, 67, 58, 99, 106, 17, 10, 148, 101, 59, 61, 124, 120, 130, 114, 23, 29, 36, 28, 122, 3, 5, 126, 111, 64, 105, 135, 97, 8, 32, 98, 24, 33, 14, 115, 84, 141]"
Tho150,3200,8598586,516.25,19.89,5,30,0.4,0.4,5,150,42,"[26, 6, 137, 56, 49, 43, 45, 55, 69, 48, 51, 107, 68, 19, 127, 22, 144, 128, 125, 31, 66, 93, 96, 75, 38, 134, 136, 146, 119, 72, 85, 77, 90, 109, 100, 88, 102, 53, 57, 12, 71, 81, 94, 70, 95, 13, 118, 147, 30, 41, 65, 83, 87, 140, 54, 104, 86, 138, 37, 40, 108, 16, 117, 121, 116, 0, 7, 35, 142, 145, 50, 92, 123, 80, 52, 74, 46, 89, 9, 79, 27, 129, 11, 82, 60, 103, 1, 34, 47, 76, 42, 112, 20, 2, 62, 149, 143, 15, 39, 139, 18, 21, 132, 63, 91, 44, 73, 113, 4, 110, 78, 131, 133, 25, 67, 58, 99, 10, 17, 106, 148, 101, 59, 61, 124, 120, 130, 114, 23, 29, 36, 28, 122, 3, 5, 126, 111, 64, 105, 135, 97, 8, 32, 98, 24, 33, 14, 115, 84, 141]"
Tho150,3300,8585998,521.17,19.89,5,30,0.4,0.4,5,150,42,"[26, 6, 137, 56, 49, 43, 45, 55, 69, 48, 51, 50, 68, 19, 127, 22, 144, 128, 125, 31, 66, 93, 96, 75, 38, 134, 136, 146, 119, 72, 85, 77, 90, 109, 100, 88, 102, 53, 57, 12, 71, 81, 94, 70, 95, 13, 118, 147, 30, 41, 65, 83, 129, 133, 54, 104, 86, 92, 37, 40, 108, 16, 117, 121, 116, 0, 7, 35, 142, 145, 107, 18, 123, 80, 52, 74, 46, 89, 9, 79, 27, 87, 149, 82, 60, 103, 1, 34, 47, 76, 42, 112, 20, 2, 62, 11, 143, 15, 39, 139, 138, 21, 132, 63, 91, 44, 73, 113, 4, 110, 78, 131, 140, 25, 67, 58, 99, 10, 17, 106, 148, 101, 59, 61, 124, 120, 130, 114, 23, 29, 36, 28, 122, 3, 5, 126, 111, 64, 105, 135, 97, 8, 32, 98, 24, 33, 14, 115, 84, 141]"
Tho150,3400,8584616,526.56,19.89,5,30,0.4,0.4,5,150,42,"[26, 6, 137, 56, 49, 43, 45, 55, 69, 48, 51, 50, 68, 19, 127, 22, 144, 128, 125, 31, 66, 93, 96, 75, 38, 134, 136, 146, 119, 72, 85, 77, 90, 109, 100, 88, 102, 53, 57, 71, 12, 81, 94, 70, 95, 13, 118, 147, 30, 41, 65, 83, 129, 133, 54, 104, 86, 92, 37, 40, 108, 16, 117, 121, 116, 0, 7, 35, 142, 145, 107, 18, 123, 80, 52, 74, 46, 89, 9, 79, 27, 87, 149, 82, 60, 103, 1, 34, 47, 76, 42, 112, 20, 2, 62, 11, 143, 15, 39, 139, 138, 21, 132, 63, 91, 44, 73, 113, 4, 110, 78, 131, 140, 25, 33, 58, 99, 10, 17, 106, 148, 101, 59, 61, 124, 120, 130, 114, 23, 29, 36, 28, 122, 3, 5, 126, 111, 64, 105, 135, 97, 8, 32, 98, 24, 67, 14, 115, 84, 141]"
Tho150,3500,8579666,531.5,19.89,5,30,0.4,0.4,5,150,42,"[26, 6, 137, 56, 49, 43, 45, 55, 69, 48, 51, 104, 68, 19, 127, 22, 144, 128, 125, 31, 66, 93, 96, 75, 38, 134, 136, 146, 119, 72, 85, 77, 90, 109, 100, 88, 102, 53, 57, 71, 18, 81, 94, 70, 95, 13, 118, 147, 30, 41, 65, 83, 129, 133, 54, 50, 86, 92, 37, 40, 108, 16, 117, 121, 116, 0, 7, 35, 142, 145, 107, 12, 123, 80, 52, 74, 46, 89, 9, 79, 27, 87, 149, 82, 60, 103, 1, 34, 47, 76, 42, 112, 20, 2, 62, 11, 143, 15, 39, 139, 138, 21, 132, 63, 91, 44, 73, 113, 4, 110, 78, 131, 140, 24, 33, 58, 99, 10, 17, 106, 148, 101, 59, 61, 124, 120, 130, 114, 23, 29, 36, 28, 122, 3, 5, 126, 111, 64, 105, 135, 97, 8, 32, 98, 25, 67, 14, 115, 84, 141]"
Tho150,3600,8572454,536.46,19.89,5,30,0.4,0.4,5,150,42,"[26, 6, 137, 56, 49, 43, 45, 55, 69, 48, 51, 104, 68, 19, 127, 22, 144, 128, 125, 31, 66, 93, 96, 75, 38, 134, 136, 146, 119, 72, 85, 77, 90, 109, 65, 88, 102, 53, 57, 71, 18, 81, 94, 70, 95, 13, 118, 147, 30, 41, 100, 83, 129, 133, 54, 50, 86, 92, 37, 40, 108, 101, 117, 121, 116, 0, 7, 35, 142, 145, 107, 12, 123, 80, 52, 74, 46, 89, 9, 79, 27, 87, 149, 82, 60, 103, 1, 34, 47, 76, 42, 112, 20, 2, 62, 11, 143, 15, 39, 139, 138, 21, 132, 63, 91, 44, 73, 113, 4, 110, 78, 131, 140, 24, 33, 58, 99, 10, 17, 106, 148, 16, 59, 120, 124, 61, 130, 114, 23, 29, 36, 28, 122, 3, 5, 126, 111, 64, 105, 135, 97, 8, 32, 98, 25, 67, 14, 115, 84, 141]"
Tho150,3700,8571212,541.47,19.89,5,30,0.4,0.4,5,150,42,"[26, 6, 137, 56, 49, 43, 45, 55, 69, 48, 51, 104, 68, 19, 127, 22, 144, 128, 125, 31, 66, 93, 96, 75, 38, 134, 136, 146, 119, 72, 85, 77, 90, 109, 147, 88, 102, 53, 57, 71, 18, 81, 94, 70, 95, 13, 118, 65, 30, 41, 100, 83, 129, 133, 54, 50, 86, 92, 37, 40, 108, 101, 117, 121, 116, 0, 7, 35, 142, 145, 107, 12, 123, 80, 52, 74, 46, 89, 9, 79, 27, 87, 149, 82, 60, 103, 1, 34, 47, 76, 42, 112, 20, 2, 62, 11, 143, 15, 39, 139, 138, 21, 132, 63, 91, 61, 73, 113, 4, 110, 78, 131, 24, 140, 33, 58, 99, 10, 17, 106, 148, 16, 59, 120, 124, 44, 130, 114, 23, 29, 36, 28, 122, 3, 5, 126, 111, 64, 105, 135, 97, 8, 32, 98, 25, 67, 14, 115, 84, 141]"
Tho150,3800,8560092,546.55,19.89,5,30,0.4,0.4,5,150,42,"[26, 6, 137, 56, 49, 43, 45, 55, 69, 48, 51, 136, 68, 19, 127, 22, 144, 128, 125, 31, 66, 93, 96, 75, 38, 134, 104, 146, 119, 72, 85, 77, 90, 109, 147, 88, 102, 53, 57, 71, 18, 81, 94, 70, 95, 13, 118, 65, 30, 41, 100, 83, 129, 133, 54, 50, 86, 92, 37, 40, 108, 101, 117, 121, 116, 0, 7, 35, 142, 145, 107, 12, 123, 80, 52, 74, 46, 89, 9, 79, 27, 87, 149, 82, 60, 103, 1, 34, 47, 76, 42, 112, 20, 32, 62, 11, 143, 15, 39, 139, 138, 21, 132, 63, 91, 61, 73, 113, 4, 110, 78, 131, 24, 140, 33, 58, 99, 10, 17, 106, 148, 16, 59, 120, 124, 44, 130, 114, 23, 29, 36, 28, 122, 3, 5, 126, 111, 64, 105, 135, 97, 8, 2, 98, 25, 67, 14, 115, 84, 141]"
Tho150,3900,8547140,551.63,19.89,5,30,0.4,0.4,5,150,42,"[101, 6, 137, 56, 49, 43, 45, 55, 69, 48, 51, 136, 68, 19, 127, 22, 144, 128, 125, 31, 66, 93, 96, 75, 38, 134, 104, 146, 119, 72, 85, 77, 90, 109, 147, 88, 102, 53, 57, 71, 18, 81, 94, 70, 95, 13, 118, 65, 30, 41, 100, 83, 129, 133, 54, 50, 86, 92, 37, 40, 108, 26, 117, 121, 116, 0, 7, 35, 142, 145, 107, 12, 123, 80, 52, 74, 46, 89, 9, 79, 27, 87, 149, 82, 60, 103, 1, 34, 47, 76, 42, 112, 20, 32, 62, 11, 143, 15, 39, 139, 138, 21, 132, 63, 91, 61, 73, 113, 4, 110, 78, 131, 24, 140, 33, 58, 99, 10, 17, 106, 148, 16, 59, 120, 124, 44, 130, 114, 25, 29, 36, 28, 122, 3, 5, 126, 111, 64, 105, 135, 97, 8, 2, 98, 23, 67, 14, 115, 84, 141]"
Tho150,4000,8544642,556.68,19.89,5,30,0.4,0.4,5,150,42,"[101, 6, 137, 144, 49, 43, 45, 55, 69, 48, 51, 136, 68, 19, 127, 22, 56, 128, 125, 31, 66, 93, 96, 75, 38, 134, 104, 146, 119, 72, 85, 77, 90, 109, 147, 88, 102, 53, 57, 71, 18, 81, 94, 70, 95, 13, 118, 65, 30, 41, 100, 83, 129, 133, 54, 50, 86, 92, 37, 40, 108, 26, 117, 121, 116, 0, 7, 35, 142, 145, 107, 12, 123, 80, 52, 74, 46, 89, 9, 79, 27, 87, 149, 82, 60, 103, 1, 34, 47, 10, 42, 112, 20, 32, 62, 11, 143, 15, 39, 99, 138, 21, 132, 63, 91, 61, 73, 113, 4, 110, 78, 131, 24, 140, 33, 58, 139, 76, 17, 106, 148, 16, 59, 120, 124, 44, 130, 114, 25, 29, 36, 28, 122, 3, 5, 126, 111, 64, 105, 135, 97, 8, 2, 98, 23, 67, 14, 115, 84, 141]"
Tho150,4100,8539974,561.82,19.89,5,30,0.4,0.4,5,150,42,"[101, 6, 137, 41, 49, 43, 45, 55, 69, 48, 51, 136, 68, 19, 127, 22, 56, 128, 125, 31, 66, 93, 96, 75, 38, 134, 104, 146, 119, 72, 85, 77, 90, 109, 147, 88, 102, 53, 57, 71, 18, 81, 94, 70, 95, 13, 118, 65, 30, 144, 100, 83, 129, 133, 54, 50, 86, 40, 37, 92, 108, 26, 117, 121, 116, 0, 7, 35, 142, 145, 107, 12, 123, 80, 52, 74, 46, 89, 9, 79, 27, 87, 149, 82, 60, 103, 1, 34, 47, 10, 42, 112, 20, 32, 62, 11, 143, 15, 131, 99, 138, 21, 132, 63, 91, 61, 73, 113, 4, 110, 78, 39, 24, 140, 33, 58, 139, 76, 17, 106, 148, 16, 59, 120, 124, 44, 130, 114, 25, 29, 36, 67, 122, 3, 5, 126, 111, 64, 105, 135, 97, 8, 2, 98, 23, 28, 14, 115, 84, 141]"
Tho150,4200,8538914,566.92,19.89,5,30,0.4,0.4,5,150,42,"[101, 6, 137, 41, 49, 43, 45, 55, 69, 48, 51, 136, 68, 19, 127, 22, 56, 128, 125, 31, 66, 93, 96, 75, 38, 134, 104, 146, 119, 72, 85, 77, 90, 109, 147, 88, 102, 53, 57, 71, 18, 81, 94, 70, 95, 13, 118, 65, 30, 144, 100, 83, 129, 133, 54, 50, 86, 40, 37, 92, 108, 26, 117, 121, 116, 0, 7, 35, 142, 145, 107, 12, 123, 80, 52, 74, 46, 89, 9, 79, 11, 87, 149, 82, 60, 103, 1, 34, 47, 10, 42, 112, 20, 32, 62, 27, 143, 15, 131, 99, 138, 21, 132, 63, 91, 61, 73, 113, 4, 110, 78, 39, 24, 140, 33, 58, 139, 76, 17, 106, 148, 16, 59, 120, 124, 44, 130, 114, 25, 29, 36, 67, 122, 115, 5, 126, 111, 64, 105, 135, 97, 8, 2, 98, 23, 28, 14, 3, 84, 141]"
Tho150,4300,8532826,571.94,13.28,5,30,0.4,0.4,5,150,42,"[101, 6, 137, 41, 49, 43, 45, 55, 69, 48, 51, 136, 68, 19, 127, 22, 56, 128, 125, 31, 66, 93, 96, 75, 38, 134, 104, 146, 119, 72, 85, 77, 90, 109, 147, 88, 102, 53, 57, 71, 18, 81, 94, 70, 95, 13, 118, 65, 30, 144, 100, 83, 129, 133, 54, 50, 47, 40, 37, 92, 108, 26, 117, 121, 116, 0, 7, 35, 142, 145, 107, 86, 123, 80, 52, 74, 46, 89, 9, 79, 143, 87, 149, 82, 60, 103, 1, 34, 12, 10, 42, 112, 20, 32, 62, 27, 11, 15, 131, 99, 138, 21, 132, 63, 91, 61, 73, 113, 4, 110, 78, 39, 2, 140, 33, 58, 139, 76, 17, 106, 148, 16, 59, 120, 124, 44, 130, 114, 25, 29, 36, 67, 122, 115, 5, 126, 111, 64, 105, 135, 97, 8, 24, 98, 23, 28, 14, 3, 84, 141]"
Tho150,4400,8529888,576.55,13.28,5,30,0.4,0.4,5,150,42,"[101, 6, 137, 49, 41, 43, 45, 55, 69, 48, 51, 136, 68, 19, 127, 22, 56, 128, 125, 31, 66, 93, 96, 75, 38, 134, 104, 146, 119, 72, 85, 77, 90, 109, 147, 88, 102, 53, 57, 71, 18, 81, 94, 70, 95, 13, 118, 65, 30, 144, 100, 83, 129, 133, 54, 50, 47, 40, 37, 92, 108, 26, 117, 121, 116, 0, 7, 35, 142, 145, 107, 86, 123, 80, 52, 74, 46, 89, 9, 79, 143, 87, 149, 82, 60, 103, 1, 34, 12, 10, 42, 20, 112, 32, 62, 27, 11, 15, 131, 99, 138, 21, 132, 63, 91, 61, 73, 113, 4, 110, 78, 39, 2, 140, 33, 58, 139, 76, 17, 106, 148, 16, 59, 120, 124, 44, 130, 114, 25, 29, 36, 67, 122, 115, 5, 126, 111, 64, 105, 135, 97, 8, 24, 98, 23, 28, 14, 3, 84, 141]"
Tho150,4500,8521040,581.13,9.12,5,30,0.4,0.4,5,150,42,"[101, 6, 137, 49, 41, 43, 66, 55, 69, 48, 51, 136, 68, 19, 127, 22, 56, 128, 125, 31, 45, 93, 96, 75, 38, 134, 104, 146, 119, 72, 85, 77, 90, 109, 53, 88, 102, 147, 57, 71, 18, 81, 94, 70, 95, 13, 118, 65, 30, 144, 100, 83, 129, 133, 54, 50, 47, 40, 37, 92, 108, 26, 117, 121, 116, 0, 7, 35, 142, 145, 107, 86, 123, 80, 52, 74, 46, 89, 9, 79, 15, 87, 149, 82, 60, 103, 1, 34, 12, 10, 42, 20, 112, 32, 62, 27, 78, 143, 131, 140, 138, 21, 132, 63, 91, 61, 73, 113, 4, 110, 11, 39, 2, 99, 36, 58, 139, 76, 17, 106, 148, 16, 59, 120, 124, 44, 130, 114, 25, 29, 33, 67, 122, 115, 5, 126, 111, 64, 105, 135, 97, 8, 24, 98, 23, 28, 14, 3, 84, 141]"
Tho150,4600,8520524,586.81,9.12,5,30,0.4,0.4,5,150,42,"[101, 6, 137, 49, 41, 43, 66, 55, 69, 48, 51, 136, 68, 19, 127, 22, 56, 128, 125, 31, 45, 93, 96, 75, 38, 134, 104, 146, 119, 72, 85, 77, 90, 109, 53, 88, 102, 147, 57, 71, 18, 81, 94, 70, 95, 13, 118, 65, 30, 144, 100, 83, 129, 133, 54, 50, 47, 40, 37, 92, 108, 26, 117, 121, 116, 0, 7, 35, 142, 145, 107, 86, 123, 80, 52, 74, 46, 89, 9, 79, 15, 87, 149, 82, 60, 103, 1, 34, 12, 10, 112, 20, 42, 32, 62, 27, 78, 143, 131, 140, 138, 21, 132, 63, 91, 61, 73, 113, 4, 110, 11, 39, 2, 99, 36, 58, 139, 76, 17, 106, 148, 16, 59, 120, 124, 44, 130, 114, 25, 29, 33, 67, 122, 115, 5, 126, 111, 64, 105, 135, 97, 8, 24, 98, 23, 28, 14, 3, 84, 141]"
Tho150,4700,8513278,592.24,9.12,5,30,0.4,0.4,5,150,42,"[101, 6, 137, 49, 41, 43, 66, 55, 69, 48, 51, 136, 68, 19, 127, 22, 56, 128, 125, 31, 45, 93, 96, 75, 38, 134, 104, 146, 119, 72, 85, 77, 90, 109, 53, 88, 102, 147, 57, 71, 18, 81, 94, 70, 95, 13, 118, 144, 30, 65, 100, 83, 129, 133, 54, 50, 47, 40, 37, 92, 108, 26, 117, 121, 116, 0, 7, 35, 142, 145, 107, 86, 123, 52, 80, 74, 46, 89, 9, 79, 15, 87, 149, 82, 60, 103, 1, 34, 12, 10, 112, 20, 42, 32, 62, 27, 78, 143, 131, 140, 138, 21, 132, 63, 91, 61, 73, 113, 4, 110, 11, 39, 130, 99, 36, 58, 139, 76, 17, 106, 148, 16, 59, 120, 124, 44, 2, 114, 25, 29, 33, 67, 122, 115, 5, 126, 111, 64, 105, 135, 97, 8, 24, 98, 23, 28, 14, 3, 84, 141]"
Tho150,4800,8511874,597.5,9.12,5,30,0.4,0.4,5,150,42,"[101, 6, 137, 49, 41, 43, 66, 55, 69, 48, 51, 136, 68, 19, 127, 22, 56, 128, 125, 31, 45, 93, 96, 75, 38, 71, 104, 146, 119, 72, 85, 77, 90, 109, 53, 88, 102, 147, 57, 134, 18, 81, 94, 70, 95, 13, 118, 144, 30, 65, 100, 83, 129, 133, 54, 50, 47, 40, 37, 92, 108, 26, 117, 121, 116, 0, 7, 35, 142, 145, 107, 86, 123, 52, 80, 74, 46, 89, 9, 79, 15, 87, 149, 82, 60, 103, 1, 34, 12, 10, 112, 20, 42, 32, 62, 27, 78, 143, 131, 140, 138, 76, 132, 63, 91, 61, 73, 113, 4, 110, 11, 39, 130, 99, 36, 58, 139, 21, 17, 106, 148, 16, 59, 120, 124, 44, 2, 114, 25, 29, 33, 67, 122, 115, 5, 126, 111, 64, 105, 135, 97, 8, 24, 98, 23, 28, 14, 3, 84, 141]"
